#ALTAS A REGISTROS
INSERT INTO CALLES(COD_CALLE, NOMBRE) VALUES (1,'BERLIN');
INSERT INTO CALLES(COD_CALLE, NOMBRE) VALUES (2,'BERMEJO');
#CALLES
INSERT INTO CALLES(COD_CALLE, NOMBRE) VALUES (3,'BERMUDAS');
INSERT INTO CALLES(COD_CALLE, NOMBRE) VALUES (4,'BERNA');
INSERT INTO CALLES(COD_CALLE, NOMBRE) VALUES (5,'BERNARDEZ');
INSERT INTO CALLES(COD_CALLE, NOMBRE) VALUES (6,'BERNARDEZ FRANCISCO');
INSERT INTO CALLES(COD_CALLE, NOMBRE) VALUES (7,'BERNARDINO');
INSERT INTO CALLES(COD_CALLE, NOMBRE) VALUES (8,'BERNASCONI');
INSERT INTO CALLES(COD_CALLE, NOMBRE) VALUES (9,'BERNIS ALBERTO');
INSERT INTO CALLES(COD_CALLE, NOMBRE) VALUES (10,'BEROLO');
INSERT INTO CALLES(COD_CALLE, NOMBRE) VALUES (11,'BERRO ADOLFO');
INSERT INTO CALLES(COD_CALLE, NOMBRE) VALUES (12,'CAYUQUEO');
INSERT INTO CALLES(COD_CALLE, NOMBRE) VALUES (13,'CAZON HIGINIO');
INSERT INTO CALLES(COD_CALLE, NOMBRE) VALUES (14,'CAÑADA DE GOMEZ');
INSERT INTO CALLES(COD_CALLE, NOMBRE) VALUES (15,'CAÑADA DE LUQUE');
INSERT INTO CALLES(COD_CALLE, NOMBRE) VALUES (16,'CAÑUELAS');
INSERT INTO CALLES(COD_CALLE, NOMBRE) VALUES (17,'CEBALLOS');
INSERT INTO CALLES(COD_CALLE, NOMBRE) VALUES (18,'CEBALLOS JOSE');
INSERT INTO CALLES(COD_CALLE, NOMBRE) VALUES (19,'CEBALLOS JULIO');
INSERT INTO CALLES(COD_CALLE, NOMBRE) VALUES (20,'CEBALLOS MARIANO PIO');
INSERT INTO CALLES(COD_CALLE, NOMBRE) VALUES (21,'CEBALLOS OBISPO');
INSERT INTO CALLES(COD_CALLE, NOMBRE) VALUES (22,'CECHI PEDRO');
INSERT INTO CALLES(COD_CALLE, NOMBRE) VALUES (23,'CEDRO');
INSERT INTO CALLES(COD_CALLE, NOMBRE) VALUES (24,'CEIBO');
INSERT INTO CALLES(COD_CALLE, NOMBRE) VALUES (25,'FERREYRA EDUARDO');
INSERT INTO CALLES(COD_CALLE, NOMBRE) VALUES (26,'FERREYRA MARTIN');
INSERT INTO CALLES(COD_CALLE, NOMBRE) VALUES (27,'FERREYRA MONS');
INSERT INTO CALLES(COD_CALLE, NOMBRE) VALUES (28,'FERREYRA ROQUE');
INSERT INTO CALLES(COD_CALLE, NOMBRE) VALUES (29,'FERROVIARIOS');
INSERT INTO CALLES(COD_CALLE, NOMBRE) VALUES (30,'FIAMBALA');
INSERT INTO CALLES(COD_CALLE, NOMBRE) VALUES (31,'FIERRO JOSE MANUEL');
INSERT INTO CALLES(COD_CALLE, NOMBRE) VALUES (32,'FIGOLI ADOLFO');
INSERT INTO CALLES(COD_CALLE, NOMBRE) VALUES (33,'FIGUERO RAMON');
INSERT INTO CALLES(COD_CALLE, NOMBRE) VALUES (34,'FIGUEROA ALCORTA PRES JOSE');
INSERT INTO CALLES(COD_CALLE, NOMBRE) VALUES (35,'FIGUEROA J');
INSERT INTO CALLES(COD_CALLE, NOMBRE) VALUES (36,'GILARDI GILARDO');
INSERT INTO CALLES(COD_CALLE, NOMBRE) VALUES (37,'GIMENEZ DE LORCA');
INSERT INTO CALLES(COD_CALLE, NOMBRE) VALUES (38,'GIMENEZ JOSE P');
INSERT INTO CALLES(COD_CALLE, NOMBRE) VALUES (39,'GIMENEZ PASTOR');
INSERT INTO CALLES(COD_CALLE, NOMBRE) VALUES (40,'GINEBRA');
INSERT INTO CALLES(COD_CALLE, NOMBRE) VALUES (41,'GIRALDES PABLO');
INSERT INTO CALLES(COD_CALLE, NOMBRE) VALUES (42,'GIRONDO OLIVERIO');
INSERT INTO CALLES(COD_CALLE, NOMBRE) VALUES (43,'ISASI ISASMENDI D');
INSERT INTO CALLES(COD_CALLE, NOMBRE) VALUES (44,'ISASI JUAN B DE');
INSERT INTO CALLES(COD_CALLE, NOMBRE) VALUES (45,'ISASMENDI NICOLAS DE');
INSERT INTO CALLES(COD_CALLE, NOMBRE) VALUES (46,'ISCHILIN');
INSERT INTO CALLES(COD_CALLE, NOMBRE) VALUES (47,'ISEAS JOSE');
INSERT INTO CALLES(COD_CALLE, NOMBRE) VALUES (48,'LANQUES');
INSERT INTO CALLES(COD_CALLE, NOMBRE) VALUES (49,'LANZA JOSE MIGUEL');
INSERT INTO CALLES(COD_CALLE, NOMBRE) VALUES (50,'LAPACHO');
INSERT INTO CALLES(COD_CALLE, NOMBRE) VALUES (51,'LAPLACE PEDRO S');
INSERT INTO CALLES(COD_CALLE, NOMBRE) VALUES (52,'LAPRIDA FRANCISCO NARCISO DE');
INSERT INTO CALLES(COD_CALLE, NOMBRE) VALUES (53,'LARAN');
INSERT INTO CALLES(COD_CALLE, NOMBRE) VALUES (54,'LARGUIA JONAS');
INSERT INTO CALLES(COD_CALLE, NOMBRE) VALUES (55,'LARIZ Y DEZA');
INSERT INTO CALLES(COD_CALLE, NOMBRE) VALUES (56,'MALDONADO CBO 1RO JOSE');
INSERT INTO CALLES(COD_CALLE, NOMBRE) VALUES (57,'MALDONADO EDUARDO P');
INSERT INTO CALLES(COD_CALLE, NOMBRE) VALUES (58,'MALDONADO OBISPO');
INSERT INTO CALLES(COD_CALLE, NOMBRE) VALUES (59,'MALDONADO PRINCIPAL');
INSERT INTO CALLES(COD_CALLE, NOMBRE) VALUES (60,'MALDONADO SALVADOR');
INSERT INTO CALLES(COD_CALLE, NOMBRE) VALUES (61,'MALHARRO MARTIN');
INSERT INTO CALLES(COD_CALLE, NOMBRE) VALUES (62,'MALLIN');
INSERT INTO CALLES(COD_CALLE, NOMBRE) VALUES (63,'MALOCA');
INSERT INTO CALLES(COD_CALLE, NOMBRE) VALUES (64,'MALQUERRU');
INSERT INTO CALLES(COD_CALLE, NOMBRE) VALUES (65,'MALVAR Y PINTO');
INSERT INTO CALLES(COD_CALLE, NOMBRE) VALUES (66,'MILAN');
INSERT INTO CALLES(COD_CALLE, NOMBRE) VALUES (67,'MILANESIO PADRE DOMINGO');
INSERT INTO CALLES(COD_CALLE, NOMBRE) VALUES (68,'MILLAN DOMINGO');
INSERT INTO CALLES(COD_CALLE, NOMBRE) VALUES (69,'MILLANCO');
INSERT INTO CALLES(COD_CALLE, NOMBRE) VALUES (70,'MILLER GUILLERMO');
INSERT INTO CALLES(COD_CALLE, NOMBRE) VALUES (71,'MILLIKAN');
INSERT INTO CALLES(COD_CALLE, NOMBRE) VALUES (72,'MINA CLAVERO');
INSERT INTO CALLES(COD_CALLE, NOMBRE) VALUES (73,'MINERVA');
INSERT INTO CALLES(COD_CALLE, NOMBRE) VALUES (74,'MINISTALALO');
INSERT INTO CALLES(COD_CALLE, NOMBRE) VALUES (75,'MINOT JORGE');
INSERT INTO CALLES(COD_CALLE, NOMBRE) VALUES (76,'MINUZZI');
INSERT INTO CALLES(COD_CALLE, NOMBRE) VALUES (77,'MIQUELON');
INSERT INTO CALLES(COD_CALLE, NOMBRE) VALUES (78,'MIRA AVIADOR');
INSERT INTO CALLES(COD_CALLE, NOMBRE) VALUES (79,'PALESTINA');
INSERT INTO CALLES(COD_CALLE, NOMBRE) VALUES (80,'PALL MALL');
INSERT INTO CALLES(COD_CALLE, NOMBRE) VALUES (81,'PALMA RICARDO');
INSERT INTO CALLES(COD_CALLE, NOMBRE) VALUES (82,'PALPA');
INSERT INTO CALLES(COD_CALLE, NOMBRE) VALUES (83,'PALPALA');
INSERT INTO CALLES(COD_CALLE, NOMBRE) VALUES (84,'PAMPAS');
INSERT INTO CALLES(COD_CALLE, NOMBRE) VALUES (85,'PAMPAYASTA');
INSERT INTO CALLES(COD_CALLE, NOMBRE) VALUES (86,'PAN DE AZUCAR');
INSERT INTO CALLES(COD_CALLE, NOMBRE) VALUES (87,'PANAHOLMA');
INSERT INTO CALLES(COD_CALLE, NOMBRE) VALUES (88,'PANAMA');
INSERT INTO CALLES(COD_CALLE, NOMBRE) VALUES (89,'PANIZA HECTOR');
INSERT INTO CALLES(COD_CALLE, NOMBRE) VALUES (90,'PARAGUAY');
INSERT INTO CALLES(COD_CALLE, NOMBRE) VALUES (91,'PRIMOLI');
INSERT INTO CALLES(COD_CALLE, NOMBRE) VALUES (92,'PRINGLES CNEL JUAN PASCUAL');
INSERT INTO CALLES(COD_CALLE, NOMBRE) VALUES (93,'PRODAN');
INSERT INTO CALLES(COD_CALLE, NOMBRE) VALUES (94,'PROGRESO');
INSERT INTO CALLES(COD_CALLE, NOMBRE) VALUES (95,'PRONSATO DOMINGO');
INSERT INTO CALLES(COD_CALLE, NOMBRE) VALUES (96,'PROVINCIAS UNIDAS');
INSERT INTO CALLES(COD_CALLE, NOMBRE) VALUES (97,'PROVINCIAS VASCONGADAS');
INSERT INTO CALLES(COD_CALLE, NOMBRE) VALUES (98,'PRUDAN JUAN A');
INSERT INTO CALLES(COD_CALLE, NOMBRE) VALUES (99,'PRUNEDA MANUEL A');
INSERT INTO CALLES(COD_CALLE, NOMBRE) VALUES (100,'PUBLICA');
INSERT INTO CALLES(COD_CALLE, NOMBRE) VALUES (101,'PUBLICO');
INSERT INTO CALLES(COD_CALLE, NOMBRE) VALUES (102,'PUCH DIONISIO DE');
INSERT INTO CALLES(COD_CALLE, NOMBRE) VALUES (103,'PUELCHES');
INSERT INTO CALLES(COD_CALLE, NOMBRE) VALUES (104,'PUENTE DEL INCA');
INSERT INTO CALLES(COD_CALLE, NOMBRE) VALUES (105,'PUERTO ARGENTINO');
INSERT INTO CALLES(COD_CALLE, NOMBRE) VALUES (106,'PUERTO DE PALOS');
INSERT INTO CALLES(COD_CALLE, NOMBRE) VALUES (107,'PUERTO LIMON');
INSERT INTO CALLES(COD_CALLE, NOMBRE) VALUES (108,'PUERTO MADRYN');
INSERT INTO CALLES(COD_CALLE, NOMBRE) VALUES (109,'PUERTO PRINCIPE');
INSERT INTO CALLES(COD_CALLE, NOMBRE) VALUES (110,'PUERTO RICO');
INSERT INTO CALLES(COD_CALLE, NOMBRE) VALUES (111,'PUERTO SOLEDAD');
INSERT INTO CALLES(COD_CALLE, NOMBRE) VALUES (112,'PUESTO MARQUES');
INSERT INTO CALLES(COD_CALLE, NOMBRE) VALUES (113,'PUEYRREDON');
INSERT INTO CALLES(COD_CALLE, NOMBRE) VALUES (114,'PUGIO Y BENZA');
INSERT INTO CALLES(COD_CALLE, NOMBRE) VALUES (115,'PUJATO');
INSERT INTO CALLES(COD_CALLE, NOMBRE) VALUES (116,'PULLALEF');
INSERT INTO CALLES(COD_CALLE, NOMBRE) VALUES (117,'PUNILLA');
INSERT INTO CALLES(COD_CALLE, NOMBRE) VALUES (118,'PUNTA ARENAS');
INSERT INTO CALLES(COD_CALLE, NOMBRE) VALUES (119,'PUNTA DEL AGUA');
INSERT INTO CALLES(COD_CALLE, NOMBRE) VALUES (120,'PUNTA DEL ESTE');
INSERT INTO CALLES(COD_CALLE, NOMBRE) VALUES (121,'PUNTA DEL SAUCE');
INSERT INTO CALLES(COD_CALLE, NOMBRE) VALUES (122,'PUNTA LARA');
INSERT INTO CALLES(COD_CALLE, NOMBRE) VALUES (123,'QUEBEC');
INSERT INTO CALLES(COD_CALLE, NOMBRE) VALUES (124,'QUEBRACHO HERRADO');
INSERT INTO CALLES(COD_CALLE, NOMBRE) VALUES (125,'QUENTREL');
INSERT INTO CALLES(COD_CALLE, NOMBRE) VALUES (126,'QUEPU');
INSERT INTO CALLES(COD_CALLE, NOMBRE) VALUES (127,'QUERANDIES');
INSERT INTO CALLES(COD_CALLE, NOMBRE) VALUES (128,'QUETZALTENANGO');
INSERT INTO CALLES(COD_CALLE, NOMBRE) VALUES (129,'QUEVEDO');
INSERT INTO CALLES(COD_CALLE, NOMBRE) VALUES (130,'QUEVEDO FRANCISCO DE');
INSERT INTO CALLES(COD_CALLE, NOMBRE) VALUES (131,'QUEVEDO GASPAR DE');
INSERT INTO CALLES(COD_CALLE, NOMBRE) VALUES (132,'QUEVEDO JOSE DE');
INSERT INTO CALLES(COD_CALLE, NOMBRE) VALUES (133,'QUIJANO VELAZCO');
INSERT INTO CALLES(COD_CALLE, NOMBRE) VALUES (134,'QUILAMBE');
INSERT INTO CALLES(COD_CALLE, NOMBRE) VALUES (135,'QUILCA');
INSERT INTO CALLES(COD_CALLE, NOMBRE) VALUES (136,'QUILINO');
INSERT INTO CALLES(COD_CALLE, NOMBRE) VALUES (137,'QUILLOAMIRA');
INSERT INTO CALLES(COD_CALLE, NOMBRE) VALUES (138,'QUILLOVI');
INSERT INTO CALLES(COD_CALLE, NOMBRE) VALUES (139,'QUILMES');
INSERT INTO CALLES(COD_CALLE, NOMBRE) VALUES (140,'QUINCHAN');
INSERT INTO CALLES(COD_CALLE, NOMBRE) VALUES (141,'QUINQUELA MARTIN NORTE  BENITO');
INSERT INTO CALLES(COD_CALLE, NOMBRE) VALUES (142,'QUINTA DE HORMAECHE');
INSERT INTO CALLES(COD_CALLE, NOMBRE) VALUES (143,'QUINTA DE LOS CREMADER');
INSERT INTO CALLES(COD_CALLE, NOMBRE) VALUES (144,'QUINTA DE LOS GALARRETAS');
INSERT INTO CALLES(COD_CALLE, NOMBRE) VALUES (145,'QUINTA VA MANUELA');
INSERT INTO CALLES(COD_CALLE, NOMBRE) VALUES (146,'QUINTANA MANUEL');
INSERT INTO CALLES(COD_CALLE, NOMBRE) VALUES (147,'RAMIREZ GRAL FRANCISCO');
INSERT INTO CALLES(COD_CALLE, NOMBRE) VALUES (148,'RAMIREZ VELAZCO MARTIN');
INSERT INTO CALLES(COD_CALLE, NOMBRE) VALUES (149,'RAMON Y CAJAL');
INSERT INTO CALLES(COD_CALLE, NOMBRE) VALUES (150,'RAMOS MARTIN');
INSERT INTO CALLES(COD_CALLE, NOMBRE) VALUES (151,'RAMOS MEJIA');
INSERT INTO CALLES(COD_CALLE, NOMBRE) VALUES (152,'RANCAGUA');
INSERT INTO CALLES(COD_CALLE, NOMBRE) VALUES (153,'RANQUEL');
INSERT INTO CALLES(COD_CALLE, NOMBRE) VALUES (154,'RAPELA DR DIEGO');
INSERT INTO CALLES(COD_CALLE, NOMBRE) VALUES (155,'RASERO');
INSERT INTO CALLES(COD_CALLE, NOMBRE) VALUES (156,'RATTI RAMALLO');
INSERT INTO CALLES(COD_CALLE, NOMBRE) VALUES (157,'RAUCH FEDERICO');
INSERT INTO CALLES(COD_CALLE, NOMBRE) VALUES (158,'RAVIGNANI EMILIO');
INSERT INTO CALLES(COD_CALLE, NOMBRE) VALUES (159,'RAWSON');
INSERT INTO CALLES(COD_CALLE, NOMBRE) VALUES (160,'RAYO CORTADO');
INSERT INTO CALLES(COD_CALLE, NOMBRE) VALUES (161,'REAL DE AZUA');
INSERT INTO CALLES(COD_CALLE, NOMBRE) VALUES (162,'REALICO');
INSERT INTO CALLES(COD_CALLE, NOMBRE) VALUES (163,'RECALDE FRANCISCO DE');
INSERT INTO CALLES(COD_CALLE, NOMBRE) VALUES (164,'RECONQUISTA');
INSERT INTO CALLES(COD_CALLE, NOMBRE) VALUES (165,'REVOLUCION DE MAYO');
INSERT INTO CALLES(COD_CALLE, NOMBRE) VALUES (166,'REY DEL BOSQUE');
INSERT INTO CALLES(COD_CALLE, NOMBRE) VALUES (167,'REYNA GUILLERMO');
INSERT INTO CALLES(COD_CALLE, NOMBRE) VALUES (168,'REYNA MANUEL');
INSERT INTO CALLES(COD_CALLE, NOMBRE) VALUES (169,'REYNAFE JOSE VICENTE');
INSERT INTO CALLES(COD_CALLE, NOMBRE) VALUES (170,'REYNOSO ALONSO DE');
INSERT INTO CALLES(COD_CALLE, NOMBRE) VALUES (171,'REYPATRON');
INSERT INTO CALLES(COD_CALLE, NOMBRE) VALUES (172,'RIACHUELO');
INSERT INTO CALLES(COD_CALLE, NOMBRE) VALUES (173,'RIBEIRO');
INSERT INTO CALLES(COD_CALLE, NOMBRE) VALUES (174,'RIBEREÑA');
INSERT INTO CALLES(COD_CALLE, NOMBRE) VALUES (175,'RICARDE J');
INSERT INTO CALLES(COD_CALLE, NOMBRE) VALUES (176,'RICCHIERI');
INSERT INTO CALLES(COD_CALLE, NOMBRE) VALUES (177,'RICHARDS TEODORO');

#BARRIOS
INSERT INTO BARRIOS(COD_BARRIO, NOMBRE) VALUES (1,'CENTRO');
INSERT INTO BARRIOS(COD_BARRIO, NOMBRE) VALUES (2,'ALTO ALBERDI');
INSERT INTO BARRIOS(COD_BARRIO, NOMBRE) VALUES (3,'OBSERVATORIO');
INSERT INTO BARRIOS(COD_BARRIO, NOMBRE) VALUES (4,'JARDIN');
INSERT INTO BARRIOS(COD_BARRIO, NOMBRE) VALUES (5,'GENERAL PAZ');
INSERT INTO BARRIOS(COD_BARRIO, NOMBRE) VALUES (6,'PUEYRREDON');
INSERT INTO BARRIOS(COD_BARRIO, NOMBRE) VALUES (7,'PARQUE HORIZONTE');
INSERT INTO BARRIOS(COD_BARRIO, NOMBRE) VALUES (8,'SAN MARTIN');
INSERT INTO BARRIOS(COD_BARRIO, NOMBRE) VALUES (9,'SAN VICENTE');
INSERT INTO BARRIOS(COD_BARRIO, NOMBRE) VALUES (10,'JUNIOR');
INSERT INTO BARRIOS(COD_BARRIO, NOMBRE) VALUES (11,'MAIPU');
INSERT INTO BARRIOS(COD_BARRIO, NOMBRE) VALUES (12,'PANAMERICANO');

#LOCALIDADES
INSERT INTO LOCALIDADES (COD_LOCALIDAD, NOMBRE) VALUES(1,'CORDOBA');
INSERT INTO LOCALIDADES (COD_LOCALIDAD, NOMBRE) VALUES(2,'CARLOS PAZ');
INSERT INTO LOCALIDADES (COD_LOCALIDAD, NOMBRE) VALUES(3,'ADELIA MARIA');
INSERT INTO LOCALIDADES (COD_LOCALIDAD, NOMBRE) VALUES(4,'ALTA GRACIA');
INSERT INTO LOCALIDADES (COD_LOCALIDAD, NOMBRE) VALUES(5,'AGUA DE ORO');
INSERT INTO LOCALIDADES (COD_LOCALIDAD, NOMBRE) VALUES(6,'AGUA DEL TALA');
INSERT INTO LOCALIDADES (COD_LOCALIDAD, NOMBRE) VALUES(7,'AGUA PINTADA');
INSERT INTO LOCALIDADES (COD_LOCALIDAD, NOMBRE) VALUES(8,'ALEJANDRO ROCA');
INSERT INTO LOCALIDADES (COD_LOCALIDAD, NOMBRE) VALUES(9,'ARIAS');
INSERT INTO LOCALIDADES (COD_LOCALIDAD, NOMBRE) VALUES(10,'ARROYO CABRAL');
INSERT INTO LOCALIDADES (COD_LOCALIDAD, NOMBRE) VALUES(11,'ARROYO LA HIGUERA');
INSERT INTO LOCALIDADES (COD_LOCALIDAD, NOMBRE) VALUES(12,'ASCOCHINGA');
INSERT INTO LOCALIDADES (COD_LOCALIDAD, NOMBRE) VALUES(13,'BAJO DE FERNANDEZ');
INSERT INTO LOCALIDADES (COD_LOCALIDAD, NOMBRE) VALUES(14,'BAJO DEL CARMEN');
INSERT INTO LOCALIDADES (COD_LOCALIDAD, NOMBRE) VALUES(15,'BAJO GRANDE');
INSERT INTO LOCALIDADES (COD_LOCALIDAD, NOMBRE) VALUES(16,'BAJO HONDO');
INSERT INTO LOCALIDADES (COD_LOCALIDAD, NOMBRE) VALUES(17,'BAJO LINDO');
INSERT INTO LOCALIDADES (COD_LOCALIDAD, NOMBRE) VALUES(18,'BARRIO DEAN FUNES');
INSERT INTO LOCALIDADES (COD_LOCALIDAD, NOMBRE) VALUES(19,'BARRIO LA FERIA');
INSERT INTO LOCALIDADES (COD_LOCALIDAD, NOMBRE) VALUES(20,'BO FLORES GUARNICION AEREA');
INSERT INTO LOCALIDADES (COD_LOCALIDAD, NOMBRE) VALUES(21,'CAJON DEL RIO');
INSERT INTO LOCALIDADES (COD_LOCALIDAD, NOMBRE) VALUES(22,'CALASUYA');
INSERT INTO LOCALIDADES (COD_LOCALIDAD, NOMBRE) VALUES(23,'CAMPO BANDILLO');
INSERT INTO LOCALIDADES (COD_LOCALIDAD, NOMBRE) VALUES(24,'CAMPO LOS ZORROS');
INSERT INTO LOCALIDADES (COD_LOCALIDAD, NOMBRE) VALUES(25,'CANDELARIA SUR');
INSERT INTO LOCALIDADES (COD_LOCALIDAD, NOMBRE) VALUES(26,'CAPILLA DE SITON');
INSERT INTO LOCALIDADES (COD_LOCALIDAD, NOMBRE) VALUES(27,'CAPILLA LA ESPERANZA');
INSERT INTO LOCALIDADES (COD_LOCALIDAD, NOMBRE) VALUES(28,'CASAS VEJAS');
INSERT INTO LOCALIDADES (COD_LOCALIDAD, NOMBRE) VALUES(29,'CASEROS ESTE');
INSERT INTO LOCALIDADES (COD_LOCALIDAD, NOMBRE) VALUES(30,'CAÑADA DE CUEVAS');
INSERT INTO LOCALIDADES (COD_LOCALIDAD, NOMBRE) VALUES(31,'CAÑADA DEL TALA');
INSERT INTO LOCALIDADES (COD_LOCALIDAD, NOMBRE) VALUES(32,'CAÑADA VERDE');
INSERT INTO LOCALIDADES (COD_LOCALIDAD, NOMBRE) VALUES(33,'CERRO PELADO');
INSERT INTO LOCALIDADES (COD_LOCALIDAD, NOMBRE) VALUES(34,'CHARACATO');
INSERT INTO LOCALIDADES (COD_LOCALIDAD, NOMBRE) VALUES(35,'CHAÑARIACO');
INSERT INTO LOCALIDADES (COD_LOCALIDAD, NOMBRE) VALUES(36,'CHIPITIN');
INSERT INTO LOCALIDADES (COD_LOCALIDAD, NOMBRE) VALUES(37,'CHUA');
INSERT INTO LOCALIDADES (COD_LOCALIDAD, NOMBRE) VALUES(38,'CHURQUI CAÑADA');
INSERT INTO LOCALIDADES (COD_LOCALIDAD, NOMBRE) VALUES(39,'COLAZO');

#PROVINCIAS
INSERT INTO PROVINCIAS (COD_PROVINCIA, NOMBRE) VALUES(2,'BUENOS AIRES');
INSERT INTO PROVINCIAS (COD_PROVINCIA, NOMBRE) VALUES(3,'CATAMARCA');
INSERT INTO PROVINCIAS (COD_PROVINCIA, NOMBRE) VALUES(4,'CHACO');
INSERT INTO PROVINCIAS (COD_PROVINCIA, NOMBRE) VALUES(5,'CHUBUT');
INSERT INTO PROVINCIAS (COD_PROVINCIA, NOMBRE) VALUES(1,'CORDOBA');
INSERT INTO PROVINCIAS (COD_PROVINCIA, NOMBRE) VALUES(7,'CORRIENTES');
INSERT INTO PROVINCIAS (COD_PROVINCIA, NOMBRE) VALUES(8,'ENTRE RIOS');
INSERT INTO PROVINCIAS (COD_PROVINCIA, NOMBRE) VALUES(9,'FORMOSA');
INSERT INTO PROVINCIAS (COD_PROVINCIA, NOMBRE) VALUES(6,'JUJUY');
INSERT INTO PROVINCIAS (COD_PROVINCIA, NOMBRE) VALUES(10,'LA PAMPA');
INSERT INTO PROVINCIAS (COD_PROVINCIA, NOMBRE) VALUES(11,'LA RIOJA');
INSERT INTO PROVINCIAS (COD_PROVINCIA, NOMBRE) VALUES(12,'MENDOZA');
INSERT INTO PROVINCIAS (COD_PROVINCIA, NOMBRE) VALUES(13,'MISIONES');
INSERT INTO PROVINCIAS (COD_PROVINCIA, NOMBRE) VALUES(14,'NEUQUEN');
INSERT INTO PROVINCIAS (COD_PROVINCIA, NOMBRE) VALUES(15,'RIO NEGRO');
INSERT INTO PROVINCIAS (COD_PROVINCIA, NOMBRE) VALUES(16,'SALTA');
INSERT INTO PROVINCIAS (COD_PROVINCIA, NOMBRE) VALUES(17,'SAN JUAN');
INSERT INTO PROVINCIAS (COD_PROVINCIA, NOMBRE) VALUES(18,'SAN LUIS');
INSERT INTO PROVINCIAS (COD_PROVINCIA, NOMBRE) VALUES(19,'SANTA CRUZ');
INSERT INTO PROVINCIAS (COD_PROVINCIA, NOMBRE) VALUES(20,'SANTA FE');
INSERT INTO PROVINCIAS (COD_PROVINCIA, NOMBRE) VALUES(21,'SANTIAGO DEL ESTERO');
INSERT INTO PROVINCIAS (COD_PROVINCIA, NOMBRE) VALUES(22,'TIERRA DEL FUEGO');
INSERT INTO PROVINCIAS (COD_PROVINCIA, NOMBRE) VALUES(23,'TUCUMAN');

#CONDICIONES_IVA
INSERT INTO CONDICIONES_IVA (COD_CONDICION_IVA, DESCRIPCION) VALUES(1,'RESPONSABLE INSCRIPTO');
INSERT INTO CONDICIONES_IVA (COD_CONDICION_IVA, DESCRIPCION) VALUES(2,'RESPONSABLE NO INSCRIPTO');
INSERT INTO CONDICIONES_IVA (COD_CONDICION_IVA, DESCRIPCION) VALUES(3,'MONOTRIBUTISTA');
INSERT INTO CONDICIONES_IVA (COD_CONDICION_IVA, DESCRIPCION) VALUES(4,'CONSUMIDOR FINAL');
INSERT INTO CONDICIONES_IVA (COD_CONDICION_IVA, DESCRIPCION) VALUES(5,'EXCENTO');

#FORMAS_PAGO
INSERT INTO FORMAS_PAGO (COD_FORMA_PAGO, DESCRIPCION) VALUES(1,'EFECTIVO');
INSERT INTO FORMAS_PAGO (COD_FORMA_PAGO, DESCRIPCION) VALUES(2,'CON CHEQUE');
INSERT INTO FORMAS_PAGO (COD_FORMA_PAGO, DESCRIPCION) VALUES(3,'TARJETA CREDITO');
INSERT INTO FORMAS_PAGO (COD_FORMA_PAGO, DESCRIPCION) VALUES(4,'TARJETA DEBITO');
INSERT INTO FORMAS_PAGO (COD_FORMA_PAGO, DESCRIPCION) VALUES(5,'CUENTA CORRIENTE');

#TIPOS_PLANTAS
INSERT INTO TIPOS_PLANTAS(COD_TIPO_PLANTA, NOMBRE) VALUES(1,'COMUNES');
INSERT INTO TIPOS_PLANTAS(COD_TIPO_PLANTA, NOMBRE) VALUES(2,'ESPECIALES');
INSERT INTO TIPOS_PLANTAS(COD_TIPO_PLANTA, NOMBRE) VALUES(3,'EXOTICAS');
INSERT INTO TIPOS_PLANTAS(COD_TIPO_PLANTA, NOMBRE) VALUES(4,'ARBUSTOS');
INSERT INTO TIPOS_PLANTAS(COD_TIPO_PLANTA, NOMBRE) VALUES(5,'FLORES');
INSERT INTO TIPOS_PLANTAS(COD_TIPO_PLANTA, NOMBRE) VALUES(6,'ARBOLES');

#PLANTAS
INSERT INTO PLANTAS (COD_PLANTA,DESCRIPCION,COD_TIPO_PLANTA, PRECIO, STOCK) VALUES (1, 'TULIPAN', 3,53.60,45);
INSERT INTO PLANTAS (COD_PLANTA,DESCRIPCION,COD_TIPO_PLANTA, PRECIO, STOCK) VALUES (2, 'PINO', 6,99.00,5);
INSERT INTO PLANTAS (COD_PLANTA,DESCRIPCION,COD_TIPO_PLANTA, PRECIO, STOCK) VALUES (3, 'ROSA CHINA', 5,84.00,30);
INSERT INTO PLANTAS (COD_PLANTA,DESCRIPCION,COD_TIPO_PLANTA, PRECIO, STOCK) VALUES (4, 'MARGARITA', 5,31.20,150);
INSERT INTO PLANTAS (COD_PLANTA,DESCRIPCION,COD_TIPO_PLANTA, PRECIO, STOCK) VALUES (5, 'CLAVEL', 5,22.00,120);
INSERT INTO PLANTAS (COD_PLANTA,DESCRIPCION,COD_TIPO_PLANTA, PRECIO, STOCK) VALUES (6, 'ROSA', 5,84.50,25);
INSERT INTO PLANTAS (COD_PLANTA,DESCRIPCION,COD_TIPO_PLANTA, PRECIO, STOCK) VALUES (7, 'PALMERA', 3,100.60,10);
INSERT INTO PLANTAS (COD_PLANTA,DESCRIPCION,COD_TIPO_PLANTA, PRECIO, STOCK) VALUES (8, 'PENSAMIENTO', 5,18.80,60);
INSERT INTO PLANTAS (COD_PLANTA,DESCRIPCION,COD_TIPO_PLANTA, PRECIO, STOCK) VALUES (9, 'CLAVELINA', 1,15.50,54);
INSERT INTO PLANTAS (COD_PLANTA,DESCRIPCION,COD_TIPO_PLANTA, PRECIO, STOCK) VALUES (10, 'ALEGRÑA', 1,26.75,21);
INSERT INTO PLANTAS (COD_PLANTA,DESCRIPCION,COD_TIPO_PLANTA, PRECIO, STOCK) VALUES (11, 'SIEMPREVERDE', 6,56.75,21);
INSERT INTO PLANTAS (COD_PLANTA,DESCRIPCION,COD_TIPO_PLANTA, PRECIO, STOCK) VALUES (12, 'JACARANDÑ', 6,76.75,21);
INSERT INTO PLANTAS (COD_PLANTA,DESCRIPCION,COD_TIPO_PLANTA, PRECIO, STOCK) VALUES (13, 'ESPINILLO', 6,107.75,21);
INSERT INTO PLANTAS (COD_PLANTA,DESCRIPCION,COD_TIPO_PLANTA, PRECIO, STOCK) VALUES (14, 'SAUSE', 6,106.00,21);
INSERT INTO PLANTAS (COD_PLANTA,DESCRIPCION,COD_TIPO_PLANTA, PRECIO, STOCK) VALUES (15, 'LAPACHO', 6,98.00,21);


#CLIENTES
INSERT INTO CLIENTES (COD_CLIENTE, APELLIDO, NOMBRE, COD_CALLE, ALTURA, COD_BARRIO, COD_LOCALIDAD, COD_PROVINCIA, TELEFONO, COD_CONDICION_IVA, CUIT, DEUDOR,EMAIL) VALUES (1, 'ALONSO','CLAUDIO',  10, 155, 4,1, 1,3514940502,1, 125412554, 'S',NULL);
INSERT INTO CLIENTES (COD_CLIENTE, APELLIDO, NOMBRE, COD_CALLE, ALTURA, COD_BARRIO, COD_LOCALIDAD, COD_PROVINCIA, TELEFONO, COD_CONDICION_IVA, CUIT, DEUDOR,EMAIL) VALUES (2, 'ALVAREZ','MARCELO', 55, 12,  10,3, 1,354654258,2, 251255441, 'N','calvarez@yahoo.com.ar');
INSERT INTO CLIENTES (COD_CLIENTE, APELLIDO, NOMBRE, COD_CALLE, ALTURA, COD_BARRIO, COD_LOCALIDAD, COD_PROVINCIA, TELEFONO, COD_CONDICION_IVA, CUIT, DEUDOR,EMAIL) VALUES (3, 'ALVAREZ','CRISTINA',98, 126, 1,1, 1,3514632514,3, 258422554, 'N',NULL);
INSERT INTO CLIENTES (COD_CLIENTE, APELLIDO, NOMBRE, COD_CALLE, ALTURA, COD_BARRIO, COD_LOCALIDAD, COD_PROVINCIA, TELEFONO, COD_CONDICION_IVA, CUIT, DEUDOR,EMAIL) VALUES (4, 'ALVAREZ','CLAUDIO', 101, 58, 5,3, 2,NULL,4, 254871120, 'N',NULL);
INSERT INTO CLIENTES (COD_CLIENTE, APELLIDO, NOMBRE, COD_CALLE, ALTURA, COD_BARRIO, COD_LOCALIDAD, COD_PROVINCIA, TELEFONO, COD_CONDICION_IVA, CUIT, DEUDOR,EMAIL) VALUES (5, 'CAMPOS','RAUL',     125, 45, 8,1, 2,3514587452,5, 254871128, 'S','cduran@gmail.com');
INSERT INTO CLIENTES (COD_CLIENTE, APELLIDO, NOMBRE, COD_CALLE, ALTURA, COD_BARRIO, COD_LOCALIDAD, COD_PROVINCIA, TELEFONO, COD_CONDICION_IVA, CUIT, DEUDOR,EMAIL) VALUES (6, 'DURAN','CARLA',     39, 1125,6,1, 1,3514587458,1, 127637988, 'N',NULL);
INSERT INTO CLIENTES (COD_CLIENTE, APELLIDO, NOMBRE, COD_CALLE, ALTURA, COD_BARRIO, COD_LOCALIDAD, COD_PROVINCIA, TELEFONO, COD_CONDICION_IVA, CUIT, DEUDOR,EMAIL) VALUES (7, 'PEREZ','MARIA',     62, 879, 10,1, 9,351564377,4, 554676587, 'N',NULL);
INSERT INTO CLIENTES (COD_CLIENTE, APELLIDO, NOMBRE, COD_CALLE, ALTURA, COD_BARRIO, COD_LOCALIDAD, COD_PROVINCIA, TELEFONO, COD_CONDICION_IVA, CUIT, DEUDOR,EMAIL) VALUES (8, 'ZAMORA','CARLOS LUIS',63, 945,7,1, 7,3544412552,4, 900872123, 'S',NULL);
INSERT INTO CLIENTES (COD_CLIENTE, APELLIDO, NOMBRE, COD_CALLE, ALTURA, COD_BARRIO, COD_LOCALIDAD, COD_PROVINCIA, TELEFONO, COD_CONDICION_IVA, CUIT, DEUDOR,EMAIL) VALUES (9, 'PEREZ','ANA',       65, 180, 10,1, 4,NULL,4, 921134381, 'S','soyo95@hotmail.com');
INSERT INTO CLIENTES (COD_CLIENTE, APELLIDO, NOMBRE, COD_CALLE, ALTURA, COD_BARRIO, COD_LOCALIDAD, COD_PROVINCIA, TELEFONO, COD_CONDICION_IVA, CUIT, DEUDOR,EMAIL) VALUES (10, 'PEREA','LUIS M.',  66, 983,  8,1, 3,NULL,1, 293435633, 'N',NULL);
INSERT INTO CLIENTES (COD_CLIENTE, APELLIDO, NOMBRE, COD_CALLE, ALTURA, COD_BARRIO, COD_LOCALIDAD, COD_PROVINCIA, TELEFONO, COD_CONDICION_IVA, CUIT, DEUDOR,EMAIL) VALUES (11, 'PONCE','CARMELO',  77, 1543, 3,1, 2,3544411748,3, 299546120, 'N',NULL);
INSERT INTO CLIENTES (COD_CLIENTE, APELLIDO, NOMBRE, COD_CALLE, ALTURA, COD_BARRIO, COD_LOCALIDAD, COD_PROVINCIA, TELEFONO, COD_CONDICION_IVA, CUIT, DEUDOR,EMAIL) VALUES (12, 'GALES','JULIA',   100, 569,  2,1, 1,3544419675,4, 214422552, 'N',NULL);
INSERT INTO CLIENTES (COD_CLIENTE, APELLIDO, NOMBRE, COD_CALLE, ALTURA, COD_BARRIO, COD_LOCALIDAD, COD_PROVINCIA, TELEFONO, COD_CONDICION_IVA, CUIT, DEUDOR,EMAIL) VALUES (13, 'SUAREZ','PAOLA',   35, 958,  1,1, 1,NULL,4, 214422552, 'N','paolas123@yahoo.com');
INSERT INTO CLIENTES (COD_CLIENTE, APELLIDO, NOMBRE, COD_CALLE, ALTURA, COD_BARRIO, COD_LOCALIDAD, COD_PROVINCIA, TELEFONO, COD_CONDICION_IVA, CUIT, DEUDOR,EMAIL) VALUES (14, 'MARANINI','JOSE',  18, 5069, 12,1, 1,3544410989,4, 214422552, 'N','jmaranini@arnet.com.ar');
INSERT INTO CLIENTES (COD_CLIENTE, APELLIDO, NOMBRE, COD_CALLE, ALTURA, COD_BARRIO, COD_LOCALIDAD, COD_PROVINCIA, TELEFONO, COD_CONDICION_IVA, CUIT, DEUDOR,EMAIL) VALUES (15, 'FONCECA','BERTA',  59, 1569, 2,1, 1,3544412552,4, 214422552, 'N',NULL);

#FACTURAS,,,,,,,,
insert into FACTURAS(nro_factura,fecha,cod_forma_pago,cod_cliente) values (1,'2007-04-02',1,3);
insert into FACTURAS(nro_factura,fecha,cod_forma_pago,cod_cliente) values (2,'2007-05-12',1,1);
insert into FACTURAS(nro_factura,fecha,cod_forma_pago,cod_cliente) values (3,'2007-08-12',1,4);
insert into FACTURAS(nro_factura,fecha,cod_forma_pago,cod_cliente) values (4,'2007-09-11',3,2);
insert into FACTURAS(nro_factura,fecha,cod_forma_pago,cod_cliente) values (5,'2007-09-06',1,6);
insert into FACTURAS(nro_factura,fecha,cod_forma_pago,cod_cliente) values (6,'2007-10-12',2,5);
insert into FACTURAS(nro_factura,fecha,cod_forma_pago,cod_cliente) values (7,'2007-11-08',1,7);
insert into FACTURAS(nro_factura,fecha,cod_forma_pago,cod_cliente) values (8,'2008-01-01',1,8);
insert into FACTURAS(nro_factura,fecha,cod_forma_pago,cod_cliente) values (9,'2008-02-11',4,2);
insert into FACTURAS(nro_factura,fecha,cod_forma_pago,cod_cliente) values (10,'2008-03-10',3,9);
insert into FACTURAS(nro_factura,fecha,cod_forma_pago,cod_cliente) values (11,'2008-04-06',1,11);
insert into FACTURAS(nro_factura,fecha,cod_forma_pago,cod_cliente) values (12,'2008-05-09',5,10);
insert into FACTURAS(nro_factura,fecha,cod_forma_pago,cod_cliente) values (13,'2008-06-05',1,12);

#2009 ,,,',',,
insert into FACTURAS(nro_factura,fecha,cod_forma_pago,cod_cliente) values (14,'2009-01-03',1,1);
insert into FACTURAS(nro_factura,fecha,cod_forma_pago,cod_cliente) values (15,'2009-01-05',1,2);
insert into FACTURAS(nro_factura,fecha,cod_forma_pago,cod_cliente) values (16,'2009-03-15',1,9);
insert into FACTURAS(nro_factura,fecha,cod_forma_pago,cod_cliente) values (17,'2009-03-25',1,8);
insert into FACTURAS(nro_factura,fecha,cod_forma_pago,cod_cliente) values (18,'2009-04-01',4,3);
insert into FACTURAS(nro_factura,fecha,cod_forma_pago,cod_cliente) values (19,'2009-04-01',4,4);
insert into FACTURAS(nro_factura,fecha,cod_forma_pago,cod_cliente) values (20,'2009-04-02',4,10);
insert into FACTURAS(nro_factura,fecha,cod_forma_pago,cod_cliente) values (21,'2009-04-02',1,5);
insert into FACTURAS(nro_factura,fecha,cod_forma_pago,cod_cliente) values (22,'2009-05-03',1,12);
insert into FACTURAS(nro_factura,fecha,cod_forma_pago,cod_cliente) values (23,'2009-06-07',1,11);
insert into FACTURAS(nro_factura,fecha,cod_forma_pago,cod_cliente) values (24,'2009-07-08',4,1);
insert into FACTURAS(nro_factura,fecha,cod_forma_pago,cod_cliente) values (25,'2009-08-11',2,5);
insert into FACTURAS(nro_factura,fecha,cod_forma_pago,cod_cliente) values (26,'2009-08-12',4,2);
insert into FACTURAS(nro_factura,fecha,cod_forma_pago,cod_cliente) values (27,'2009-09-13',1,6);
insert into FACTURAS(nro_factura,fecha,cod_forma_pago,cod_cliente) values (28,'2009-10-21',4,7);
insert into FACTURAS(nro_factura,fecha,cod_forma_pago,cod_cliente) values (29,'2009-11-24',2,3);

#2010,,,',',,
insert into FACTURAS(nro_factura,fecha,cod_forma_pago,cod_cliente) values (30,'2010-05-16',1,1);
insert into FACTURAS(nro_factura,fecha,cod_forma_pago,cod_cliente) values (31,'2010-07-12',1,4);
insert into FACTURAS(nro_factura,fecha,cod_forma_pago,cod_cliente) values (32,'2010-11-11',3,3);

#2011,,,',',,
insert into FACTURAS(nro_factura,fecha,cod_forma_pago,cod_cliente) values (33,'2011-01-12',1,4);
insert into FACTURAS(nro_factura,fecha,cod_forma_pago,cod_cliente) values (34,'2011-02-11',2,2);
insert into FACTURAS(nro_factura,fecha,cod_forma_pago,cod_cliente) values (35,'2011-02-16',1,6);
insert into FACTURAS(nro_factura,fecha,cod_forma_pago,cod_cliente) values (36,'2011-03-12',4,5);
insert into FACTURAS(nro_factura,fecha,cod_forma_pago,cod_cliente) values (37,'2011-03-18',1,3);
insert into FACTURAS(nro_factura,fecha,cod_forma_pago,cod_cliente) values (38,'2011-03-31',1,5);
insert into FACTURAS(nro_factura,fecha,cod_forma_pago,cod_cliente) values (39,'2011-04-11',5,7);
insert into FACTURAS(nro_factura,fecha,cod_forma_pago,cod_cliente) values (40,'2011-04-12',1,1);
insert into FACTURAS(nro_factura,fecha,cod_forma_pago,cod_cliente) values (41,'2011-05-12',1,8);
insert into FACTURAS(nro_factura,fecha,cod_forma_pago,cod_cliente) values (42,'2011-05-12',4,12);
insert into FACTURAS(nro_factura,fecha,cod_forma_pago,cod_cliente) values (43,'2011-06-22',1,9);
insert into FACTURAS(nro_factura,fecha,cod_forma_pago,cod_cliente) values (44,'2011-07-11',2,4);
insert into FACTURAS(nro_factura,fecha,cod_forma_pago,cod_cliente) values (45,'2011-08-06',1,10);
insert into FACTURAS(nro_factura,fecha,cod_forma_pago,cod_cliente) values (46,'2011-09-12',3,5);
insert into FACTURAS(nro_factura,fecha,cod_forma_pago,cod_cliente) values (47,'2011-10-08',1,6);
insert into FACTURAS(nro_factura,fecha,cod_forma_pago,cod_cliente) values (48,'2011-11-01',1,1);
insert into FACTURAS(nro_factura,fecha,cod_forma_pago,cod_cliente) values (49,'2011-12-11',3,2);
insert into FACTURAS(nro_factura,fecha,cod_forma_pago,cod_cliente) values (50,'2011-12-15',5,4);

#2012,,,',',,
insert into FACTURAS(nro_factura,fecha,cod_forma_pago,cod_cliente) values (51,'2012-02-12',1,1);
insert into FACTURAS(nro_factura,fecha,cod_forma_pago,cod_cliente) values (52,'2012-03-12',1,10);
insert into FACTURAS(nro_factura,fecha,cod_forma_pago,cod_cliente) values (53,'2012-03-12',1,5);
insert into FACTURAS(nro_factura,fecha,cod_forma_pago,cod_cliente) values (54,'2012-03-11',3,4);
insert into FACTURAS(nro_factura,fecha,cod_forma_pago,cod_cliente) values (55,'2012-03-22',1,6);
insert into FACTURAS(nro_factura,fecha,cod_forma_pago,cod_cliente) values (56,'2012-03-24',4,7);
insert into FACTURAS(nro_factura,fecha,cod_forma_pago,cod_cliente) values (57,'2012-04-08',1,6);
insert into FACTURAS(nro_factura,fecha,cod_forma_pago,cod_cliente) values (58,'2012-04-21',1,5);
insert into FACTURAS(nro_factura,fecha,cod_forma_pago,cod_cliente) values (59,'2012-04-21',2,1);
insert into FACTURAS(nro_factura,fecha,cod_forma_pago,cod_cliente) values (60,'2012-04-21',3,2);
insert into FACTURAS(nro_factura,fecha,cod_forma_pago,cod_cliente) values (61,'2012-05-12',1,4);
insert into FACTURAS(nro_factura,fecha,cod_forma_pago,cod_cliente) values (62,'2012-05-11',2,2);
insert into FACTURAS(nro_factura,fecha,cod_forma_pago,cod_cliente) values (63,'2012-05-16',1,6);
insert into FACTURAS(nro_factura,fecha,cod_forma_pago,cod_cliente) values (64,'2012-06-12',4,5);
insert into FACTURAS(nro_factura,fecha,cod_forma_pago,cod_cliente) values (65,'2012-06-18',1,3);
insert into FACTURAS(nro_factura,fecha,cod_forma_pago,cod_cliente) values (66,'2012-06-30',1,5);
insert into FACTURAS(nro_factura,fecha,cod_forma_pago,cod_cliente) values (67,'2012-07-11',5,7);
insert into FACTURAS(nro_factura,fecha,cod_forma_pago,cod_cliente) values (68,'2012-07-12',1,1);
insert into FACTURAS(nro_factura,fecha,cod_forma_pago,cod_cliente) values (69,'2012-07-12',1,8);
insert into FACTURAS(nro_factura,fecha,cod_forma_pago,cod_cliente) values (70,'2012-07-12',4,12);
insert into FACTURAS(nro_factura,fecha,cod_forma_pago,cod_cliente) values (71,'2012-07-22',1,9);
insert into FACTURAS(nro_factura,fecha,cod_forma_pago,cod_cliente) values (72,'2012-08-11',2,4);
insert into FACTURAS(nro_factura,fecha,cod_forma_pago,cod_cliente) values (73,'2012-09-06',1,10);
insert into FACTURAS(nro_factura,fecha,cod_forma_pago,cod_cliente) values (74,'2012-09-12',3,5);
insert into FACTURAS(nro_factura,fecha,cod_forma_pago,cod_cliente) values (75,'2012-10-08',1,6);
insert into FACTURAS(nro_factura,fecha,cod_forma_pago,cod_cliente) values (76,'2012-11-01',1,1);
insert into FACTURAS(nro_factura,fecha,cod_forma_pago,cod_cliente) values (77,'2012-12-11',3,2);
insert into FACTURAS(nro_factura,fecha,cod_forma_pago,cod_cliente) values (78,'2012-12-15',5,4);

#2013,,,',',,
insert into FACTURAS(nro_factura,fecha,cod_forma_pago,cod_cliente) values (79,'2013-02-12',1,1);
insert into FACTURAS(nro_factura,fecha,cod_forma_pago,cod_cliente) values (80,'2013-03-12',1,10);
insert into FACTURAS(nro_factura,fecha,cod_forma_pago,cod_cliente) values (81,'2013-03-12',1,5);
insert into FACTURAS(nro_factura,fecha,cod_forma_pago,cod_cliente) values (82,'2013-03-11',3,4);
insert into FACTURAS(nro_factura,fecha,cod_forma_pago,cod_cliente) values (83,'2012-03-22',1,6);
insert into FACTURAS(nro_factura,fecha,cod_forma_pago,cod_cliente) values (84,'2013-03-24',4,7);
insert into FACTURAS(nro_factura,fecha,cod_forma_pago,cod_cliente) values (85,'2013-04-08',1,6);
insert into FACTURAS(nro_factura,fecha,cod_forma_pago,cod_cliente) values (86,'2013-04-21',1,5);
insert into FACTURAS(nro_factura,fecha,cod_forma_pago,cod_cliente) values (87,'2013-04-21',2,1);
insert into FACTURAS(nro_factura,fecha,cod_forma_pago,cod_cliente) values (88,'2013-04-21',3,2);
insert into FACTURAS(nro_factura,fecha,cod_forma_pago,cod_cliente) values (89,'2013-05-12',1,4);
insert into FACTURAS(nro_factura,fecha,cod_forma_pago,cod_cliente) values (90,'2013-05-11',2,2);
insert into FACTURAS(nro_factura,fecha,cod_forma_pago,cod_cliente) values (91,'2013-05-16',1,6);
insert into FACTURAS(nro_factura,fecha,cod_forma_pago,cod_cliente) values (92,'2013-06-12',4,5);
insert into FACTURAS(nro_factura,fecha,cod_forma_pago,cod_cliente) values (93,'2013-06-18',1,3);
insert into FACTURAS(nro_factura,fecha,cod_forma_pago,cod_cliente) values (94,'2013-06-22',1,5);
insert into FACTURAS(nro_factura,fecha,cod_forma_pago,cod_cliente) values (95,'2013-07-11',5,7);
insert into FACTURAS(nro_factura,fecha,cod_forma_pago,cod_cliente) values (96,'2013-07-12',1,1);
insert into FACTURAS(nro_factura,fecha,cod_forma_pago,cod_cliente) values (97,'2013-07-12',1,8);
insert into FACTURAS(nro_factura,fecha,cod_forma_pago,cod_cliente) values (98,'2013-07-12',4,12);
insert into FACTURAS(nro_factura,fecha,cod_forma_pago,cod_cliente) values (99,'2013-07-24',1,9);
insert into FACTURAS(nro_factura,fecha,cod_forma_pago,cod_cliente) values (100,'2013-08-11',2,4);
insert into FACTURAS(nro_factura,fecha,cod_forma_pago,cod_cliente) values (101,'2013-09-10',1,10);
insert into FACTURAS(nro_factura,fecha,cod_forma_pago,cod_cliente) values (102,'2013-09-18',3,5);
insert into FACTURAS(nro_factura,fecha,cod_forma_pago,cod_cliente) values (103,'2013-10-08',1,6);
insert into FACTURAS(nro_factura,fecha,cod_forma_pago,cod_cliente) values (104,'2013-11-01',1,1);
insert into FACTURAS(nro_factura,fecha,cod_forma_pago,cod_cliente) values (105,'2013-12-15',3,2);
insert into FACTURAS(nro_factura,fecha,cod_forma_pago,cod_cliente) values (106,'2013-12-20',5,4);

#2014,,,',',,
insert into FACTURAS(nro_factura,fecha,cod_forma_pago,cod_cliente) values (107,'2014-02-12',1,1);
insert into FACTURAS(nro_factura,fecha,cod_forma_pago,cod_cliente) values (108,'2014-03-12',1,10);
insert into FACTURAS(nro_factura,fecha,cod_forma_pago,cod_cliente) values (109,'2014-03-12',1,5);
insert into FACTURAS(nro_factura,fecha,cod_forma_pago,cod_cliente) values (110,'2014-03-11',3,4);
insert into FACTURAS(nro_factura,fecha,cod_forma_pago,cod_cliente) values (111,'2014-03-22',1,6);
insert into FACTURAS(nro_factura,fecha,cod_forma_pago,cod_cliente) values (112,'2014-03-24',4,7);
insert into FACTURAS(nro_factura,fecha,cod_forma_pago,cod_cliente) values (113,'2014-04-08',1,8);
insert into FACTURAS(nro_factura,fecha,cod_forma_pago,cod_cliente) values (114,'2014-04-16',1,7);
insert into FACTURAS(nro_factura,fecha,cod_forma_pago,cod_cliente) values (115,'2014-04-16',2,11);
insert into FACTURAS(nro_factura,fecha,cod_forma_pago,cod_cliente) values (116,'2014-04-22',3,2);
insert into FACTURAS(nro_factura,fecha,cod_forma_pago,cod_cliente) values (117,'2014-05-17',1,1);
insert into FACTURAS(nro_factura,fecha,cod_forma_pago,cod_cliente) values (118,'2014-06-12',1,10);
insert into FACTURAS(nro_factura,fecha,cod_forma_pago,cod_cliente) values (119,'2014-07-19',1,10);
insert into FACTURAS(nro_factura,fecha,cod_forma_pago,cod_cliente) values (120,'2014-08-11',3,14);
insert into FACTURAS(nro_factura,fecha,cod_forma_pago,cod_cliente) values (121,'2014-08-20',1,9);
insert into FACTURAS(nro_factura,fecha,cod_forma_pago,cod_cliente) values (122,'2014-09-24',4,7);
insert into FACTURAS(nro_factura,fecha,cod_forma_pago,cod_cliente) values (123,'2014-10-02',3,15);
insert into FACTURAS(nro_factura,fecha,cod_forma_pago,cod_cliente) values (124,'2014-10-06',1,5);
insert into FACTURAS(nro_factura,fecha,cod_forma_pago,cod_cliente) values (125,'2014-11-23',2,11);
insert into FACTURAS(nro_factura,fecha,cod_forma_pago,cod_cliente) values (126,'2014-12-22',3,12);

#2015,,,',',,
insert into FACTURAS(nro_factura,fecha,cod_forma_pago,cod_cliente) values (127,'2015-02-02',2,4);
insert into FACTURAS(nro_factura,fecha,cod_forma_pago,cod_cliente) values (128,'2015-03-01',1,1);
insert into FACTURAS(nro_factura,fecha,cod_forma_pago,cod_cliente) values (129,'2015-03-16',1,15);
insert into FACTURAS(nro_factura,fecha,cod_forma_pago,cod_cliente) values (130,'2015-03-19',3,2);
insert into FACTURAS(nro_factura,fecha,cod_forma_pago,cod_cliente) values (131,'2015-03-25',1,3);
insert into FACTURAS(nro_factura,fecha,cod_forma_pago,cod_cliente) values (132,'2015-03-27',4,1);
insert into FACTURAS(nro_factura,fecha,cod_forma_pago,cod_cliente) values (133,'2015-04-04',1,5);
insert into FACTURAS(nro_factura,fecha,cod_forma_pago,cod_cliente) values (134,'2015-04-20',1,4);
insert into FACTURAS(nro_factura,fecha,cod_forma_pago,cod_cliente) values (135,'2015-04-25',2,11);
insert into FACTURAS(nro_factura,fecha,cod_forma_pago,cod_cliente) values (136,'2015-04-28',4,12);

#DETALLES_FACTURAS
insert into DETALLES_FACTURAS (COD_DETALLE, COD_PLANTA, CANTIDAD, NRO_FACTURA) values (1, 4, 54, 109);
insert into DETALLES_FACTURAS (COD_DETALLE, COD_PLANTA, CANTIDAD, NRO_FACTURA) values (2, 4, 60, 103);
insert into DETALLES_FACTURAS (COD_DETALLE, COD_PLANTA, CANTIDAD, NRO_FACTURA) values (3, 13, 45, 76);
insert into DETALLES_FACTURAS (COD_DETALLE, COD_PLANTA, CANTIDAD, NRO_FACTURA) values (4, 4, 73, 74);
insert into DETALLES_FACTURAS (COD_DETALLE, COD_PLANTA, CANTIDAD, NRO_FACTURA) values (5, 14, 41, 80);
insert into DETALLES_FACTURAS (COD_DETALLE, COD_PLANTA, CANTIDAD, NRO_FACTURA) values (6, 7, 95, 26);
insert into DETALLES_FACTURAS (COD_DETALLE, COD_PLANTA, CANTIDAD, NRO_FACTURA) values (7, 2, 43, 2);
insert into DETALLES_FACTURAS (COD_DETALLE, COD_PLANTA, CANTIDAD, NRO_FACTURA) values (8, 9, 64, 4);
insert into DETALLES_FACTURAS (COD_DETALLE, COD_PLANTA, CANTIDAD, NRO_FACTURA) values (9, 15, 37, 9);
insert into DETALLES_FACTURAS (COD_DETALLE, COD_PLANTA, CANTIDAD, NRO_FACTURA) values (10, 12, 87, 99);
insert into DETALLES_FACTURAS (COD_DETALLE, COD_PLANTA, CANTIDAD, NRO_FACTURA) values (11, 3, 98, 42);
insert into DETALLES_FACTURAS (COD_DETALLE, COD_PLANTA, CANTIDAD, NRO_FACTURA) values (12, 5, 25, 14);
insert into DETALLES_FACTURAS (COD_DETALLE, COD_PLANTA, CANTIDAD, NRO_FACTURA) values (13, 2, 13, 126);
insert into DETALLES_FACTURAS (COD_DETALLE, COD_PLANTA, CANTIDAD, NRO_FACTURA) values (14, 1, 8, 30);
insert into DETALLES_FACTURAS (COD_DETALLE, COD_PLANTA, CANTIDAD, NRO_FACTURA) values (15, 1, 81, 129);
insert into DETALLES_FACTURAS (COD_DETALLE, COD_PLANTA, CANTIDAD, NRO_FACTURA) values (16, 6, 84, 35);
insert into DETALLES_FACTURAS (COD_DETALLE, COD_PLANTA, CANTIDAD, NRO_FACTURA) values (17, 11, 55, 7);
insert into DETALLES_FACTURAS (COD_DETALLE, COD_PLANTA, CANTIDAD, NRO_FACTURA) values (18, 2, 83, 41);
insert into DETALLES_FACTURAS (COD_DETALLE, COD_PLANTA, CANTIDAD, NRO_FACTURA) values (19, 6, 42, 38);
insert into DETALLES_FACTURAS (COD_DETALLE, COD_PLANTA, CANTIDAD, NRO_FACTURA) values (20, 2, 10, 118);
insert into DETALLES_FACTURAS (COD_DETALLE, COD_PLANTA, CANTIDAD, NRO_FACTURA) values (21, 4, 100, 80);
insert into DETALLES_FACTURAS (COD_DETALLE, COD_PLANTA, CANTIDAD, NRO_FACTURA) values (22, 4, 16, 33);
insert into DETALLES_FACTURAS (COD_DETALLE, COD_PLANTA, CANTIDAD, NRO_FACTURA) values (23, 2, 36, 34);
insert into DETALLES_FACTURAS (COD_DETALLE, COD_PLANTA, CANTIDAD, NRO_FACTURA) values (24, 4, 73, 32);
insert into DETALLES_FACTURAS (COD_DETALLE, COD_PLANTA, CANTIDAD, NRO_FACTURA) values (25, 10, 31, 118);
insert into DETALLES_FACTURAS (COD_DETALLE, COD_PLANTA, CANTIDAD, NRO_FACTURA) values (26, 12, 71, 29);
insert into DETALLES_FACTURAS (COD_DETALLE, COD_PLANTA, CANTIDAD, NRO_FACTURA) values (27, 10, 100, 16);
insert into DETALLES_FACTURAS (COD_DETALLE, COD_PLANTA, CANTIDAD, NRO_FACTURA) values (28, 12, 50, 127);
insert into DETALLES_FACTURAS (COD_DETALLE, COD_PLANTA, CANTIDAD, NRO_FACTURA) values (29, 6, 79, 135);
insert into DETALLES_FACTURAS (COD_DETALLE, COD_PLANTA, CANTIDAD, NRO_FACTURA) values (30, 2, 66, 94);
insert into DETALLES_FACTURAS (COD_DETALLE, COD_PLANTA, CANTIDAD, NRO_FACTURA) values (31, 15, 35, 102);
insert into DETALLES_FACTURAS (COD_DETALLE, COD_PLANTA, CANTIDAD, NRO_FACTURA) values (32, 14, 69, 89);
insert into DETALLES_FACTURAS (COD_DETALLE, COD_PLANTA, CANTIDAD, NRO_FACTURA) values (33, 8, 74, 50);
insert into DETALLES_FACTURAS (COD_DETALLE, COD_PLANTA, CANTIDAD, NRO_FACTURA) values (34, 10, 9, 107);
insert into DETALLES_FACTURAS (COD_DETALLE, COD_PLANTA, CANTIDAD, NRO_FACTURA) values (35, 9, 45, 7);
insert into DETALLES_FACTURAS (COD_DETALLE, COD_PLANTA, CANTIDAD, NRO_FACTURA) values (36, 15, 58, 91);
insert into DETALLES_FACTURAS (COD_DETALLE, COD_PLANTA, CANTIDAD, NRO_FACTURA) values (37, 2, 24, 57);
insert into DETALLES_FACTURAS (COD_DETALLE, COD_PLANTA, CANTIDAD, NRO_FACTURA) values (38, 8, 61, 25);
insert into DETALLES_FACTURAS (COD_DETALLE, COD_PLANTA, CANTIDAD, NRO_FACTURA) values (39, 4, 12, 90);
insert into DETALLES_FACTURAS (COD_DETALLE, COD_PLANTA, CANTIDAD, NRO_FACTURA) values (40, 10, 66, 116);
insert into DETALLES_FACTURAS (COD_DETALLE, COD_PLANTA, CANTIDAD, NRO_FACTURA) values (41, 10, 82, 2);
insert into DETALLES_FACTURAS (COD_DETALLE, COD_PLANTA, CANTIDAD, NRO_FACTURA) values (42, 10, 69, 3);
insert into DETALLES_FACTURAS (COD_DETALLE, COD_PLANTA, CANTIDAD, NRO_FACTURA) values (43, 12, 1, 101);
insert into DETALLES_FACTURAS (COD_DETALLE, COD_PLANTA, CANTIDAD, NRO_FACTURA) values (44, 1, 47, 98);
insert into DETALLES_FACTURAS (COD_DETALLE, COD_PLANTA, CANTIDAD, NRO_FACTURA) values (45, 8, 36, 82);
insert into DETALLES_FACTURAS (COD_DETALLE, COD_PLANTA, CANTIDAD, NRO_FACTURA) values (46, 14, 67, 111);
insert into DETALLES_FACTURAS (COD_DETALLE, COD_PLANTA, CANTIDAD, NRO_FACTURA) values (47, 2, 40, 76);
insert into DETALLES_FACTURAS (COD_DETALLE, COD_PLANTA, CANTIDAD, NRO_FACTURA) values (48, 7, 66, 30);
insert into DETALLES_FACTURAS (COD_DETALLE, COD_PLANTA, CANTIDAD, NRO_FACTURA) values (49, 3, 50, 15);
insert into DETALLES_FACTURAS (COD_DETALLE, COD_PLANTA, CANTIDAD, NRO_FACTURA) values (50, 15, 75, 124);
insert into DETALLES_FACTURAS (COD_DETALLE, COD_PLANTA, CANTIDAD, NRO_FACTURA) values (51, 8, 97, 108);
insert into DETALLES_FACTURAS (COD_DETALLE, COD_PLANTA, CANTIDAD, NRO_FACTURA) values (52, 7, 67, 69);
insert into DETALLES_FACTURAS (COD_DETALLE, COD_PLANTA, CANTIDAD, NRO_FACTURA) values (53, 5, 20, 73);
insert into DETALLES_FACTURAS (COD_DETALLE, COD_PLANTA, CANTIDAD, NRO_FACTURA) values (54, 2, 18, 8);
insert into DETALLES_FACTURAS (COD_DETALLE, COD_PLANTA, CANTIDAD, NRO_FACTURA) values (55, 9, 92, 71);
insert into DETALLES_FACTURAS (COD_DETALLE, COD_PLANTA, CANTIDAD, NRO_FACTURA) values (56, 10, 51, 124);
insert into DETALLES_FACTURAS (COD_DETALLE, COD_PLANTA, CANTIDAD, NRO_FACTURA) values (57, 8, 55, 18);
insert into DETALLES_FACTURAS (COD_DETALLE, COD_PLANTA, CANTIDAD, NRO_FACTURA) values (58, 7, 15, 102);
insert into DETALLES_FACTURAS (COD_DETALLE, COD_PLANTA, CANTIDAD, NRO_FACTURA) values (59, 13, 55, 122);
insert into DETALLES_FACTURAS (COD_DETALLE, COD_PLANTA, CANTIDAD, NRO_FACTURA) values (60, 1, 15, 89);
insert into DETALLES_FACTURAS (COD_DETALLE, COD_PLANTA, CANTIDAD, NRO_FACTURA) values (61, 3, 73, 72);
insert into DETALLES_FACTURAS (COD_DETALLE, COD_PLANTA, CANTIDAD, NRO_FACTURA) values (62, 8, 100, 39);
insert into DETALLES_FACTURAS (COD_DETALLE, COD_PLANTA, CANTIDAD, NRO_FACTURA) values (63, 6, 13, 119);
insert into DETALLES_FACTURAS (COD_DETALLE, COD_PLANTA, CANTIDAD, NRO_FACTURA) values (64, 1, 64, 120);
insert into DETALLES_FACTURAS (COD_DETALLE, COD_PLANTA, CANTIDAD, NRO_FACTURA) values (65, 14, 58, 75);
insert into DETALLES_FACTURAS (COD_DETALLE, COD_PLANTA, CANTIDAD, NRO_FACTURA) values (66, 7, 42, 35);
insert into DETALLES_FACTURAS (COD_DETALLE, COD_PLANTA, CANTIDAD, NRO_FACTURA) values (67, 12, 61, 67);
insert into DETALLES_FACTURAS (COD_DETALLE, COD_PLANTA, CANTIDAD, NRO_FACTURA) values (68, 4, 68, 48);
insert into DETALLES_FACTURAS (COD_DETALLE, COD_PLANTA, CANTIDAD, NRO_FACTURA) values (69, 7, 6, 53);
insert into DETALLES_FACTURAS (COD_DETALLE, COD_PLANTA, CANTIDAD, NRO_FACTURA) values (70, 6, 3, 94);
insert into DETALLES_FACTURAS (COD_DETALLE, COD_PLANTA, CANTIDAD, NRO_FACTURA) values (71, 3, 42, 75);
insert into DETALLES_FACTURAS (COD_DETALLE, COD_PLANTA, CANTIDAD, NRO_FACTURA) values (72, 4, 29, 63);
insert into DETALLES_FACTURAS (COD_DETALLE, COD_PLANTA, CANTIDAD, NRO_FACTURA) values (73, 13, 86, 96);
insert into DETALLES_FACTURAS (COD_DETALLE, COD_PLANTA, CANTIDAD, NRO_FACTURA) values (74, 9, 57, 94);
insert into DETALLES_FACTURAS (COD_DETALLE, COD_PLANTA, CANTIDAD, NRO_FACTURA) values (75, 4, 53, 22);
insert into DETALLES_FACTURAS (COD_DETALLE, COD_PLANTA, CANTIDAD, NRO_FACTURA) values (76, 13, 56, 17);
insert into DETALLES_FACTURAS (COD_DETALLE, COD_PLANTA, CANTIDAD, NRO_FACTURA) values (77, 4, 70, 98);
insert into DETALLES_FACTURAS (COD_DETALLE, COD_PLANTA, CANTIDAD, NRO_FACTURA) values (78, 4, 95, 108);
insert into DETALLES_FACTURAS (COD_DETALLE, COD_PLANTA, CANTIDAD, NRO_FACTURA) values (79, 3, 75, 127);
insert into DETALLES_FACTURAS (COD_DETALLE, COD_PLANTA, CANTIDAD, NRO_FACTURA) values (80, 1, 45, 5);
insert into DETALLES_FACTURAS (COD_DETALLE, COD_PLANTA, CANTIDAD, NRO_FACTURA) values (81, 8, 20, 92);
insert into DETALLES_FACTURAS (COD_DETALLE, COD_PLANTA, CANTIDAD, NRO_FACTURA) values (82, 8, 5, 90);
insert into DETALLES_FACTURAS (COD_DETALLE, COD_PLANTA, CANTIDAD, NRO_FACTURA) values (83, 13, 83, 33);
insert into DETALLES_FACTURAS (COD_DETALLE, COD_PLANTA, CANTIDAD, NRO_FACTURA) values (84, 3, 85, 100);
insert into DETALLES_FACTURAS (COD_DETALLE, COD_PLANTA, CANTIDAD, NRO_FACTURA) values (85, 3, 69, 37);
insert into DETALLES_FACTURAS (COD_DETALLE, COD_PLANTA, CANTIDAD, NRO_FACTURA) values (86, 14, 86, 3);
insert into DETALLES_FACTURAS (COD_DETALLE, COD_PLANTA, CANTIDAD, NRO_FACTURA) values (87, 3, 78, 32);
insert into DETALLES_FACTURAS (COD_DETALLE, COD_PLANTA, CANTIDAD, NRO_FACTURA) values (88, 6, 49, 82);
insert into DETALLES_FACTURAS (COD_DETALLE, COD_PLANTA, CANTIDAD, NRO_FACTURA) values (89, 15, 53, 35);
insert into DETALLES_FACTURAS (COD_DETALLE, COD_PLANTA, CANTIDAD, NRO_FACTURA) values (90, 9, 81, 37);
insert into DETALLES_FACTURAS (COD_DETALLE, COD_PLANTA, CANTIDAD, NRO_FACTURA) values (91, 6, 54, 96);
insert into DETALLES_FACTURAS (COD_DETALLE, COD_PLANTA, CANTIDAD, NRO_FACTURA) values (92, 8, 87, 105);
insert into DETALLES_FACTURAS (COD_DETALLE, COD_PLANTA, CANTIDAD, NRO_FACTURA) values (93, 5, 7, 121);
insert into DETALLES_FACTURAS (COD_DETALLE, COD_PLANTA, CANTIDAD, NRO_FACTURA) values (94, 12, 62, 64);
insert into DETALLES_FACTURAS (COD_DETALLE, COD_PLANTA, CANTIDAD, NRO_FACTURA) values (95, 7, 75, 72);
insert into DETALLES_FACTURAS (COD_DETALLE, COD_PLANTA, CANTIDAD, NRO_FACTURA) values (96, 15, 19, 129);
insert into DETALLES_FACTURAS (COD_DETALLE, COD_PLANTA, CANTIDAD, NRO_FACTURA) values (97, 9, 81, 119);
insert into DETALLES_FACTURAS (COD_DETALLE, COD_PLANTA, CANTIDAD, NRO_FACTURA) values (98, 9, 92, 67);
insert into DETALLES_FACTURAS (COD_DETALLE, COD_PLANTA, CANTIDAD, NRO_FACTURA) values (99, 5, 100, 87);
insert into DETALLES_FACTURAS (COD_DETALLE, COD_PLANTA, CANTIDAD, NRO_FACTURA) values (100, 6, 33, 13);
insert into DETALLES_FACTURAS (COD_DETALLE, COD_PLANTA, CANTIDAD, NRO_FACTURA) values (101, 15, 100, 124);
insert into DETALLES_FACTURAS (COD_DETALLE, COD_PLANTA, CANTIDAD, NRO_FACTURA) values (102, 14, 30, 2);
insert into DETALLES_FACTURAS (COD_DETALLE, COD_PLANTA, CANTIDAD, NRO_FACTURA) values (103, 15, 54, 117);
insert into DETALLES_FACTURAS (COD_DETALLE, COD_PLANTA, CANTIDAD, NRO_FACTURA) values (104, 4, 22, 59);
insert into DETALLES_FACTURAS (COD_DETALLE, COD_PLANTA, CANTIDAD, NRO_FACTURA) values (105, 1, 8, 90);
insert into DETALLES_FACTURAS (COD_DETALLE, COD_PLANTA, CANTIDAD, NRO_FACTURA) values (106, 7, 3, 86);
insert into DETALLES_FACTURAS (COD_DETALLE, COD_PLANTA, CANTIDAD, NRO_FACTURA) values (107, 15, 55, 78);
insert into DETALLES_FACTURAS (COD_DETALLE, COD_PLANTA, CANTIDAD, NRO_FACTURA) values (108, 7, 24, 7);
insert into DETALLES_FACTURAS (COD_DETALLE, COD_PLANTA, CANTIDAD, NRO_FACTURA) values (109, 2, 76, 130);
insert into DETALLES_FACTURAS (COD_DETALLE, COD_PLANTA, CANTIDAD, NRO_FACTURA) values (110, 15, 55, 134);
insert into DETALLES_FACTURAS (COD_DETALLE, COD_PLANTA, CANTIDAD, NRO_FACTURA) values (111, 6, 78, 128);
insert into DETALLES_FACTURAS (COD_DETALLE, COD_PLANTA, CANTIDAD, NRO_FACTURA) values (112, 6, 86, 49);
insert into DETALLES_FACTURAS (COD_DETALLE, COD_PLANTA, CANTIDAD, NRO_FACTURA) values (113, 2, 81, 70);
insert into DETALLES_FACTURAS (COD_DETALLE, COD_PLANTA, CANTIDAD, NRO_FACTURA) values (114, 15, 71, 75);
insert into DETALLES_FACTURAS (COD_DETALLE, COD_PLANTA, CANTIDAD, NRO_FACTURA) values (115, 5, 67, 18);
insert into DETALLES_FACTURAS (COD_DETALLE, COD_PLANTA, CANTIDAD, NRO_FACTURA) values (116, 6, 95, 109);
insert into DETALLES_FACTURAS (COD_DETALLE, COD_PLANTA, CANTIDAD, NRO_FACTURA) values (117, 8, 43, 129);
insert into DETALLES_FACTURAS (COD_DETALLE, COD_PLANTA, CANTIDAD, NRO_FACTURA) values (118, 4, 58, 111);
insert into DETALLES_FACTURAS (COD_DETALLE, COD_PLANTA, CANTIDAD, NRO_FACTURA) values (119, 7, 100, 120);
insert into DETALLES_FACTURAS (COD_DETALLE, COD_PLANTA, CANTIDAD, NRO_FACTURA) values (120, 8, 99, 123);
insert into DETALLES_FACTURAS (COD_DETALLE, COD_PLANTA, CANTIDAD, NRO_FACTURA) values (121, 1, 1, 78);
insert into DETALLES_FACTURAS (COD_DETALLE, COD_PLANTA, CANTIDAD, NRO_FACTURA) values (122, 4, 48, 23);
insert into DETALLES_FACTURAS (COD_DETALLE, COD_PLANTA, CANTIDAD, NRO_FACTURA) values (123, 10, 38, 103);
insert into DETALLES_FACTURAS (COD_DETALLE, COD_PLANTA, CANTIDAD, NRO_FACTURA) values (124, 1, 41, 73);
insert into DETALLES_FACTURAS (COD_DETALLE, COD_PLANTA, CANTIDAD, NRO_FACTURA) values (125, 7, 66, 15);
insert into DETALLES_FACTURAS (COD_DETALLE, COD_PLANTA, CANTIDAD, NRO_FACTURA) values (126, 5, 100, 40);
insert into DETALLES_FACTURAS (COD_DETALLE, COD_PLANTA, CANTIDAD, NRO_FACTURA) values (127, 13, 14, 117);
insert into DETALLES_FACTURAS (COD_DETALLE, COD_PLANTA, CANTIDAD, NRO_FACTURA) values (128, 3, 49, 26);
insert into DETALLES_FACTURAS (COD_DETALLE, COD_PLANTA, CANTIDAD, NRO_FACTURA) values (129, 2, 91, 74);
insert into DETALLES_FACTURAS (COD_DETALLE, COD_PLANTA, CANTIDAD, NRO_FACTURA) values (130, 10, 4, 113);
insert into DETALLES_FACTURAS (COD_DETALLE, COD_PLANTA, CANTIDAD, NRO_FACTURA) values (131, 10, 92, 38);
insert into DETALLES_FACTURAS (COD_DETALLE, COD_PLANTA, CANTIDAD, NRO_FACTURA) values (132, 5, 51, 102);
insert into DETALLES_FACTURAS (COD_DETALLE, COD_PLANTA, CANTIDAD, NRO_FACTURA) values (133, 2, 42, 111);
insert into DETALLES_FACTURAS (COD_DETALLE, COD_PLANTA, CANTIDAD, NRO_FACTURA) values (134, 14, 60, 122);
insert into DETALLES_FACTURAS (COD_DETALLE, COD_PLANTA, CANTIDAD, NRO_FACTURA) values (135, 1, 61, 47);
insert into DETALLES_FACTURAS (COD_DETALLE, COD_PLANTA, CANTIDAD, NRO_FACTURA) values (136, 8, 62, 111);
insert into DETALLES_FACTURAS (COD_DETALLE, COD_PLANTA, CANTIDAD, NRO_FACTURA) values (137, 9, 6, 74);
insert into DETALLES_FACTURAS (COD_DETALLE, COD_PLANTA, CANTIDAD, NRO_FACTURA) values (138, 4, 1, 34);
insert into DETALLES_FACTURAS (COD_DETALLE, COD_PLANTA, CANTIDAD, NRO_FACTURA) values (139, 2, 87, 39);
insert into DETALLES_FACTURAS (COD_DETALLE, COD_PLANTA, CANTIDAD, NRO_FACTURA) values (140, 10, 26, 73);
insert into DETALLES_FACTURAS (COD_DETALLE, COD_PLANTA, CANTIDAD, NRO_FACTURA) values (141, 15, 87, 1);
insert into DETALLES_FACTURAS (COD_DETALLE, COD_PLANTA, CANTIDAD, NRO_FACTURA) values (142, 11, 22, 54);
insert into DETALLES_FACTURAS (COD_DETALLE, COD_PLANTA, CANTIDAD, NRO_FACTURA) values (143, 2, 80, 73);
insert into DETALLES_FACTURAS (COD_DETALLE, COD_PLANTA, CANTIDAD, NRO_FACTURA) values (144, 11, 53, 16);
insert into DETALLES_FACTURAS (COD_DETALLE, COD_PLANTA, CANTIDAD, NRO_FACTURA) values (145, 12, 49, 33);
insert into DETALLES_FACTURAS (COD_DETALLE, COD_PLANTA, CANTIDAD, NRO_FACTURA) values (146, 2, 32, 113);
insert into DETALLES_FACTURAS (COD_DETALLE, COD_PLANTA, CANTIDAD, NRO_FACTURA) values (147, 7, 6, 66);
insert into DETALLES_FACTURAS (COD_DETALLE, COD_PLANTA, CANTIDAD, NRO_FACTURA) values (148, 15, 41, 102);
insert into DETALLES_FACTURAS (COD_DETALLE, COD_PLANTA, CANTIDAD, NRO_FACTURA) values (149, 7, 83, 82);
insert into DETALLES_FACTURAS (COD_DETALLE, COD_PLANTA, CANTIDAD, NRO_FACTURA) values (150, 4, 18, 8);
insert into DETALLES_FACTURAS (COD_DETALLE, COD_PLANTA, CANTIDAD, NRO_FACTURA) values (151, 9, 37, 12);
insert into DETALLES_FACTURAS (COD_DETALLE, COD_PLANTA, CANTIDAD, NRO_FACTURA) values (152, 8, 96, 61);
insert into DETALLES_FACTURAS (COD_DETALLE, COD_PLANTA, CANTIDAD, NRO_FACTURA) values (153, 5, 85, 94);
insert into DETALLES_FACTURAS (COD_DETALLE, COD_PLANTA, CANTIDAD, NRO_FACTURA) values (154, 15, 76, 48);
insert into DETALLES_FACTURAS (COD_DETALLE, COD_PLANTA, CANTIDAD, NRO_FACTURA) values (155, 2, 61, 72);
insert into DETALLES_FACTURAS (COD_DETALLE, COD_PLANTA, CANTIDAD, NRO_FACTURA) values (156, 3, 30, 76);
insert into DETALLES_FACTURAS (COD_DETALLE, COD_PLANTA, CANTIDAD, NRO_FACTURA) values (157, 3, 37, 30);
insert into DETALLES_FACTURAS (COD_DETALLE, COD_PLANTA, CANTIDAD, NRO_FACTURA) values (158, 12, 19, 127);
insert into DETALLES_FACTURAS (COD_DETALLE, COD_PLANTA, CANTIDAD, NRO_FACTURA) values (159, 8, 34, 11);
insert into DETALLES_FACTURAS (COD_DETALLE, COD_PLANTA, CANTIDAD, NRO_FACTURA) values (160, 11, 71, 76);
insert into DETALLES_FACTURAS (COD_DETALLE, COD_PLANTA, CANTIDAD, NRO_FACTURA) values (161, 5, 58, 94);
insert into DETALLES_FACTURAS (COD_DETALLE, COD_PLANTA, CANTIDAD, NRO_FACTURA) values (162, 9, 3, 55);
insert into DETALLES_FACTURAS (COD_DETALLE, COD_PLANTA, CANTIDAD, NRO_FACTURA) values (163, 11, 6, 55);
insert into DETALLES_FACTURAS (COD_DETALLE, COD_PLANTA, CANTIDAD, NRO_FACTURA) values (164, 8, 84, 133);
insert into DETALLES_FACTURAS (COD_DETALLE, COD_PLANTA, CANTIDAD, NRO_FACTURA) values (165, 4, 77, 87);
insert into DETALLES_FACTURAS (COD_DETALLE, COD_PLANTA, CANTIDAD, NRO_FACTURA) values (166, 6, 86, 7);
insert into DETALLES_FACTURAS (COD_DETALLE, COD_PLANTA, CANTIDAD, NRO_FACTURA) values (167, 6, 29, 114);
insert into DETALLES_FACTURAS (COD_DETALLE, COD_PLANTA, CANTIDAD, NRO_FACTURA) values (168, 10, 57, 92);
insert into DETALLES_FACTURAS (COD_DETALLE, COD_PLANTA, CANTIDAD, NRO_FACTURA) values (169, 5, 74, 49);
insert into DETALLES_FACTURAS (COD_DETALLE, COD_PLANTA, CANTIDAD, NRO_FACTURA) values (170, 10, 3, 103);
insert into DETALLES_FACTURAS (COD_DETALLE, COD_PLANTA, CANTIDAD, NRO_FACTURA) values (171, 3, 58, 19);
insert into DETALLES_FACTURAS (COD_DETALLE, COD_PLANTA, CANTIDAD, NRO_FACTURA) values (172, 11, 43, 84);
insert into DETALLES_FACTURAS (COD_DETALLE, COD_PLANTA, CANTIDAD, NRO_FACTURA) values (173, 1, 80, 30);
insert into DETALLES_FACTURAS (COD_DETALLE, COD_PLANTA, CANTIDAD, NRO_FACTURA) values (174, 3, 83, 43);
insert into DETALLES_FACTURAS (COD_DETALLE, COD_PLANTA, CANTIDAD, NRO_FACTURA) values (175, 12, 92, 89);
insert into DETALLES_FACTURAS (COD_DETALLE, COD_PLANTA, CANTIDAD, NRO_FACTURA) values (176, 4, 52, 133);
insert into DETALLES_FACTURAS (COD_DETALLE, COD_PLANTA, CANTIDAD, NRO_FACTURA) values (177, 14, 38, 117);
insert into DETALLES_FACTURAS (COD_DETALLE, COD_PLANTA, CANTIDAD, NRO_FACTURA) values (178, 3, 38, 7);
insert into DETALLES_FACTURAS (COD_DETALLE, COD_PLANTA, CANTIDAD, NRO_FACTURA) values (179, 4, 48, 107);
insert into DETALLES_FACTURAS (COD_DETALLE, COD_PLANTA, CANTIDAD, NRO_FACTURA) values (180, 8, 28, 15);
insert into DETALLES_FACTURAS (COD_DETALLE, COD_PLANTA, CANTIDAD, NRO_FACTURA) values (181, 6, 80, 131);
insert into DETALLES_FACTURAS (COD_DETALLE, COD_PLANTA, CANTIDAD, NRO_FACTURA) values (182, 5, 96, 99);
insert into DETALLES_FACTURAS (COD_DETALLE, COD_PLANTA, CANTIDAD, NRO_FACTURA) values (183, 5, 100, 80);
insert into DETALLES_FACTURAS (COD_DETALLE, COD_PLANTA, CANTIDAD, NRO_FACTURA) values (184, 14, 58, 107);
insert into DETALLES_FACTURAS (COD_DETALLE, COD_PLANTA, CANTIDAD, NRO_FACTURA) values (185, 7, 52, 59);
insert into DETALLES_FACTURAS (COD_DETALLE, COD_PLANTA, CANTIDAD, NRO_FACTURA) values (186, 4, 37, 102);
insert into DETALLES_FACTURAS (COD_DETALLE, COD_PLANTA, CANTIDAD, NRO_FACTURA) values (187, 9, 5, 134);
insert into DETALLES_FACTURAS (COD_DETALLE, COD_PLANTA, CANTIDAD, NRO_FACTURA) values (188, 4, 63, 11);
insert into DETALLES_FACTURAS (COD_DETALLE, COD_PLANTA, CANTIDAD, NRO_FACTURA) values (189, 3, 92, 83);
insert into DETALLES_FACTURAS (COD_DETALLE, COD_PLANTA, CANTIDAD, NRO_FACTURA) values (190, 5, 52, 40);
insert into DETALLES_FACTURAS (COD_DETALLE, COD_PLANTA, CANTIDAD, NRO_FACTURA) values (191, 13, 41, 20);
insert into DETALLES_FACTURAS (COD_DETALLE, COD_PLANTA, CANTIDAD, NRO_FACTURA) values (192, 13, 79, 107);
insert into DETALLES_FACTURAS (COD_DETALLE, COD_PLANTA, CANTIDAD, NRO_FACTURA) values (193, 5, 58, 65);
insert into DETALLES_FACTURAS (COD_DETALLE, COD_PLANTA, CANTIDAD, NRO_FACTURA) values (194, 1, 39, 109);
insert into DETALLES_FACTURAS (COD_DETALLE, COD_PLANTA, CANTIDAD, NRO_FACTURA) values (195, 6, 30, 32);
insert into DETALLES_FACTURAS (COD_DETALLE, COD_PLANTA, CANTIDAD, NRO_FACTURA) values (196, 14, 6, 98);
insert into DETALLES_FACTURAS (COD_DETALLE, COD_PLANTA, CANTIDAD, NRO_FACTURA) values (197, 5, 16, 83);
insert into DETALLES_FACTURAS (COD_DETALLE, COD_PLANTA, CANTIDAD, NRO_FACTURA) values (198, 9, 43, 80);
insert into DETALLES_FACTURAS (COD_DETALLE, COD_PLANTA, CANTIDAD, NRO_FACTURA) values (199, 12, 28, 92);
insert into DETALLES_FACTURAS (COD_DETALLE, COD_PLANTA, CANTIDAD, NRO_FACTURA) values (200, 2, 52, 91);
insert into DETALLES_FACTURAS (COD_DETALLE, COD_PLANTA, CANTIDAD, NRO_FACTURA) values (201, 8, 67, 51);
insert into DETALLES_FACTURAS (COD_DETALLE, COD_PLANTA, CANTIDAD, NRO_FACTURA) values (202, 2, 69, 102);
insert into DETALLES_FACTURAS (COD_DETALLE, COD_PLANTA, CANTIDAD, NRO_FACTURA) values (203, 8, 12, 106);
insert into DETALLES_FACTURAS (COD_DETALLE, COD_PLANTA, CANTIDAD, NRO_FACTURA) values (204, 7, 63, 98);
insert into DETALLES_FACTURAS (COD_DETALLE, COD_PLANTA, CANTIDAD, NRO_FACTURA) values (205, 8, 22, 70);
insert into DETALLES_FACTURAS (COD_DETALLE, COD_PLANTA, CANTIDAD, NRO_FACTURA) values (206, 11, 82, 31);
insert into DETALLES_FACTURAS (COD_DETALLE, COD_PLANTA, CANTIDAD, NRO_FACTURA) values (207, 15, 18, 26);
insert into DETALLES_FACTURAS (COD_DETALLE, COD_PLANTA, CANTIDAD, NRO_FACTURA) values (208, 12, 66, 90);
insert into DETALLES_FACTURAS (COD_DETALLE, COD_PLANTA, CANTIDAD, NRO_FACTURA) values (209, 12, 43, 94);
insert into DETALLES_FACTURAS (COD_DETALLE, COD_PLANTA, CANTIDAD, NRO_FACTURA) values (210, 5, 80, 71);
insert into DETALLES_FACTURAS (COD_DETALLE, COD_PLANTA, CANTIDAD, NRO_FACTURA) values (211, 12, 93, 134);
insert into DETALLES_FACTURAS (COD_DETALLE, COD_PLANTA, CANTIDAD, NRO_FACTURA) values (212, 1, 57, 10);
insert into DETALLES_FACTURAS (COD_DETALLE, COD_PLANTA, CANTIDAD, NRO_FACTURA) values (213, 12, 83, 90);
insert into DETALLES_FACTURAS (COD_DETALLE, COD_PLANTA, CANTIDAD, NRO_FACTURA) values (214, 15, 69, 123);
insert into DETALLES_FACTURAS (COD_DETALLE, COD_PLANTA, CANTIDAD, NRO_FACTURA) values (215, 11, 17, 25);
insert into DETALLES_FACTURAS (COD_DETALLE, COD_PLANTA, CANTIDAD, NRO_FACTURA) values (216, 13, 13, 77);
insert into DETALLES_FACTURAS (COD_DETALLE, COD_PLANTA, CANTIDAD, NRO_FACTURA) values (217, 4, 76, 54);
insert into DETALLES_FACTURAS (COD_DETALLE, COD_PLANTA, CANTIDAD, NRO_FACTURA) values (218, 2, 97, 80);
insert into DETALLES_FACTURAS (COD_DETALLE, COD_PLANTA, CANTIDAD, NRO_FACTURA) values (219, 14, 72, 54);
insert into DETALLES_FACTURAS (COD_DETALLE, COD_PLANTA, CANTIDAD, NRO_FACTURA) values (220, 2, 37, 100);
insert into DETALLES_FACTURAS (COD_DETALLE, COD_PLANTA, CANTIDAD, NRO_FACTURA) values (221, 8, 36, 45);
insert into DETALLES_FACTURAS (COD_DETALLE, COD_PLANTA, CANTIDAD, NRO_FACTURA) values (222, 3, 54, 104);
insert into DETALLES_FACTURAS (COD_DETALLE, COD_PLANTA, CANTIDAD, NRO_FACTURA) values (223, 1, 23, 64);
insert into DETALLES_FACTURAS (COD_DETALLE, COD_PLANTA, CANTIDAD, NRO_FACTURA) values (224, 12, 27, 19);
insert into DETALLES_FACTURAS (COD_DETALLE, COD_PLANTA, CANTIDAD, NRO_FACTURA) values (225, 10, 65, 98);
insert into DETALLES_FACTURAS (COD_DETALLE, COD_PLANTA, CANTIDAD, NRO_FACTURA) values (226, 5, 2, 5);
insert into DETALLES_FACTURAS (COD_DETALLE, COD_PLANTA, CANTIDAD, NRO_FACTURA) values (227, 12, 29, 34);
insert into DETALLES_FACTURAS (COD_DETALLE, COD_PLANTA, CANTIDAD, NRO_FACTURA) values (228, 14, 27, 68);
insert into DETALLES_FACTURAS (COD_DETALLE, COD_PLANTA, CANTIDAD, NRO_FACTURA) values (229, 5, 9, 21);
insert into DETALLES_FACTURAS (COD_DETALLE, COD_PLANTA, CANTIDAD, NRO_FACTURA) values (230, 5, 80, 11);
insert into DETALLES_FACTURAS (COD_DETALLE, COD_PLANTA, CANTIDAD, NRO_FACTURA) values (231, 5, 86, 127);
insert into DETALLES_FACTURAS (COD_DETALLE, COD_PLANTA, CANTIDAD, NRO_FACTURA) values (232, 11, 54, 134);
insert into DETALLES_FACTURAS (COD_DETALLE, COD_PLANTA, CANTIDAD, NRO_FACTURA) values (233, 13, 40, 82);
insert into DETALLES_FACTURAS (COD_DETALLE, COD_PLANTA, CANTIDAD, NRO_FACTURA) values (234, 7, 85, 84);
insert into DETALLES_FACTURAS (COD_DETALLE, COD_PLANTA, CANTIDAD, NRO_FACTURA) values (235, 13, 45, 15);
insert into DETALLES_FACTURAS (COD_DETALLE, COD_PLANTA, CANTIDAD, NRO_FACTURA) values (236, 1, 31, 22);
insert into DETALLES_FACTURAS (COD_DETALLE, COD_PLANTA, CANTIDAD, NRO_FACTURA) values (237, 6, 95, 3);
insert into DETALLES_FACTURAS (COD_DETALLE, COD_PLANTA, CANTIDAD, NRO_FACTURA) values (238, 9, 52, 130);
insert into DETALLES_FACTURAS (COD_DETALLE, COD_PLANTA, CANTIDAD, NRO_FACTURA) values (239, 2, 41, 60);
insert into DETALLES_FACTURAS (COD_DETALLE, COD_PLANTA, CANTIDAD, NRO_FACTURA) values (240, 12, 79, 131);
insert into DETALLES_FACTURAS (COD_DETALLE, COD_PLANTA, CANTIDAD, NRO_FACTURA) values (241, 3, 61, 70);
insert into DETALLES_FACTURAS (COD_DETALLE, COD_PLANTA, CANTIDAD, NRO_FACTURA) values (242, 10, 76, 65);
insert into DETALLES_FACTURAS (COD_DETALLE, COD_PLANTA, CANTIDAD, NRO_FACTURA) values (243, 14, 75, 72);
insert into DETALLES_FACTURAS (COD_DETALLE, COD_PLANTA, CANTIDAD, NRO_FACTURA) values (244, 10, 44, 45);
insert into DETALLES_FACTURAS (COD_DETALLE, COD_PLANTA, CANTIDAD, NRO_FACTURA) values (245, 12, 32, 59);
insert into DETALLES_FACTURAS (COD_DETALLE, COD_PLANTA, CANTIDAD, NRO_FACTURA) values (246, 7, 55, 57);
insert into DETALLES_FACTURAS (COD_DETALLE, COD_PLANTA, CANTIDAD, NRO_FACTURA) values (247, 13, 37, 104);
insert into DETALLES_FACTURAS (COD_DETALLE, COD_PLANTA, CANTIDAD, NRO_FACTURA) values (248, 5, 52, 121);
insert into DETALLES_FACTURAS (COD_DETALLE, COD_PLANTA, CANTIDAD, NRO_FACTURA) values (249, 13, 3, 26);
insert into DETALLES_FACTURAS (COD_DETALLE, COD_PLANTA, CANTIDAD, NRO_FACTURA) values (250, 14, 89, 61);
insert into DETALLES_FACTURAS (COD_DETALLE, COD_PLANTA, CANTIDAD, NRO_FACTURA) values (251, 5, 56, 58);
insert into DETALLES_FACTURAS (COD_DETALLE, COD_PLANTA, CANTIDAD, NRO_FACTURA) values (252, 7, 40, 49);
insert into DETALLES_FACTURAS (COD_DETALLE, COD_PLANTA, CANTIDAD, NRO_FACTURA) values (253, 7, 34, 130);
insert into DETALLES_FACTURAS (COD_DETALLE, COD_PLANTA, CANTIDAD, NRO_FACTURA) values (254, 9, 56, 109);
insert into DETALLES_FACTURAS (COD_DETALLE, COD_PLANTA, CANTIDAD, NRO_FACTURA) values (255, 13, 18, 88);
insert into DETALLES_FACTURAS (COD_DETALLE, COD_PLANTA, CANTIDAD, NRO_FACTURA) values (256, 5, 56, 51);
insert into DETALLES_FACTURAS (COD_DETALLE, COD_PLANTA, CANTIDAD, NRO_FACTURA) values (257, 1, 80, 90);
insert into DETALLES_FACTURAS (COD_DETALLE, COD_PLANTA, CANTIDAD, NRO_FACTURA) values (258, 4, 93, 90);
insert into DETALLES_FACTURAS (COD_DETALLE, COD_PLANTA, CANTIDAD, NRO_FACTURA) values (259, 13, 44, 101);
insert into DETALLES_FACTURAS (COD_DETALLE, COD_PLANTA, CANTIDAD, NRO_FACTURA) values (260, 15, 34, 69);
insert into DETALLES_FACTURAS (COD_DETALLE, COD_PLANTA, CANTIDAD, NRO_FACTURA) values (261, 7, 41, 87);
insert into DETALLES_FACTURAS (COD_DETALLE, COD_PLANTA, CANTIDAD, NRO_FACTURA) values (262, 5, 87, 91);
insert into DETALLES_FACTURAS (COD_DETALLE, COD_PLANTA, CANTIDAD, NRO_FACTURA) values (263, 15, 35, 70);
insert into DETALLES_FACTURAS (COD_DETALLE, COD_PLANTA, CANTIDAD, NRO_FACTURA) values (264, 2, 61, 128);
insert into DETALLES_FACTURAS (COD_DETALLE, COD_PLANTA, CANTIDAD, NRO_FACTURA) values (265, 11, 78, 100);
insert into DETALLES_FACTURAS (COD_DETALLE, COD_PLANTA, CANTIDAD, NRO_FACTURA) values (266, 2, 68, 67);
insert into DETALLES_FACTURAS (COD_DETALLE, COD_PLANTA, CANTIDAD, NRO_FACTURA) values (267, 7, 87, 18);
insert into DETALLES_FACTURAS (COD_DETALLE, COD_PLANTA, CANTIDAD, NRO_FACTURA) values (268, 2, 37, 20);
insert into DETALLES_FACTURAS (COD_DETALLE, COD_PLANTA, CANTIDAD, NRO_FACTURA) values (269, 10, 5, 132);
insert into DETALLES_FACTURAS (COD_DETALLE, COD_PLANTA, CANTIDAD, NRO_FACTURA) values (270, 6, 30, 78);
insert into DETALLES_FACTURAS (COD_DETALLE, COD_PLANTA, CANTIDAD, NRO_FACTURA) values (271, 8, 53, 7);
insert into DETALLES_FACTURAS (COD_DETALLE, COD_PLANTA, CANTIDAD, NRO_FACTURA) values (272, 3, 10, 126);
insert into DETALLES_FACTURAS (COD_DETALLE, COD_PLANTA, CANTIDAD, NRO_FACTURA) values (273, 2, 33, 17);
insert into DETALLES_FACTURAS (COD_DETALLE, COD_PLANTA, CANTIDAD, NRO_FACTURA) values (274, 14, 41, 31);
insert into DETALLES_FACTURAS (COD_DETALLE, COD_PLANTA, CANTIDAD, NRO_FACTURA) values (275, 3, 12, 63);
insert into DETALLES_FACTURAS (COD_DETALLE, COD_PLANTA, CANTIDAD, NRO_FACTURA) values (276, 1, 25, 131);
insert into DETALLES_FACTURAS (COD_DETALLE, COD_PLANTA, CANTIDAD, NRO_FACTURA) values (277, 1, 46, 105);
insert into DETALLES_FACTURAS (COD_DETALLE, COD_PLANTA, CANTIDAD, NRO_FACTURA) values (278, 11, 100, 53);
insert into DETALLES_FACTURAS (COD_DETALLE, COD_PLANTA, CANTIDAD, NRO_FACTURA) values (279, 5, 54, 105);
insert into DETALLES_FACTURAS (COD_DETALLE, COD_PLANTA, CANTIDAD, NRO_FACTURA) values (280, 8, 83, 97);
insert into DETALLES_FACTURAS (COD_DETALLE, COD_PLANTA, CANTIDAD, NRO_FACTURA) values (281, 9, 45, 86);
insert into DETALLES_FACTURAS (COD_DETALLE, COD_PLANTA, CANTIDAD, NRO_FACTURA) values (282, 10, 36, 70);
insert into DETALLES_FACTURAS (COD_DETALLE, COD_PLANTA, CANTIDAD, NRO_FACTURA) values (283, 10, 66, 98);
insert into DETALLES_FACTURAS (COD_DETALLE, COD_PLANTA, CANTIDAD, NRO_FACTURA) values (284, 2, 15, 63);
insert into DETALLES_FACTURAS (COD_DETALLE, COD_PLANTA, CANTIDAD, NRO_FACTURA) values (285, 5, 27, 7);
insert into DETALLES_FACTURAS (COD_DETALLE, COD_PLANTA, CANTIDAD, NRO_FACTURA) values (286, 3, 55, 7);
insert into DETALLES_FACTURAS (COD_DETALLE, COD_PLANTA, CANTIDAD, NRO_FACTURA) values (287, 4, 86, 44);
insert into DETALLES_FACTURAS (COD_DETALLE, COD_PLANTA, CANTIDAD, NRO_FACTURA) values (288, 5, 87, 97);
insert into DETALLES_FACTURAS (COD_DETALLE, COD_PLANTA, CANTIDAD, NRO_FACTURA) values (289, 2, 34, 125);
insert into DETALLES_FACTURAS (COD_DETALLE, COD_PLANTA, CANTIDAD, NRO_FACTURA) values (290, 9, 89, 64);
insert into DETALLES_FACTURAS (COD_DETALLE, COD_PLANTA, CANTIDAD, NRO_FACTURA) values (291, 5, 72, 72);
insert into DETALLES_FACTURAS (COD_DETALLE, COD_PLANTA, CANTIDAD, NRO_FACTURA) values (292, 15, 36, 77);
insert into DETALLES_FACTURAS (COD_DETALLE, COD_PLANTA, CANTIDAD, NRO_FACTURA) values (293, 11, 83, 65);
insert into DETALLES_FACTURAS (COD_DETALLE, COD_PLANTA, CANTIDAD, NRO_FACTURA) values (294, 12, 49, 10);
insert into DETALLES_FACTURAS (COD_DETALLE, COD_PLANTA, CANTIDAD, NRO_FACTURA) values (295, 7, 25, 8);
insert into DETALLES_FACTURAS (COD_DETALLE, COD_PLANTA, CANTIDAD, NRO_FACTURA) values (296, 3, 50, 117);
insert into DETALLES_FACTURAS (COD_DETALLE, COD_PLANTA, CANTIDAD, NRO_FACTURA) values (297, 11, 60, 29);
insert into DETALLES_FACTURAS (COD_DETALLE, COD_PLANTA, CANTIDAD, NRO_FACTURA) values (298, 12, 15, 52);
insert into DETALLES_FACTURAS (COD_DETALLE, COD_PLANTA, CANTIDAD, NRO_FACTURA) values (299, 1, 45, 117);
insert into DETALLES_FACTURAS (COD_DETALLE, COD_PLANTA, CANTIDAD, NRO_FACTURA) values (300, 5, 60, 23);
